source_id,project_id,title,document_type,author_owner,date_version,controlled_location,page_section_locator,access_restrictions,extraction_quality,independence,source_family_id,notes,additional_project_ids,opportunity_ids,original_location,derived_location,authority_status,authority_rationale,source_review_state,extraction_tool_version,extraction_scope,extraction_warnings,original_locator,reviewer,review_date,codebook_version,review_batch
SRC-R2-01,P01-NES,Pinning Stones convergence economy FINAL,report_draft,Iain Bennett,26/04/20,canonical/P01-NES/260605 Mapping_Creative_Industries_report_v3.12.docx,title/date/scope/headline numbers/methodology qualifiers,internal_only,COMPLETE,primary,NES-FAM,Superseded by v3.12 but tests version/baseline distinction,,,,Active projects/2025 NE Scotland/2025 NE Scotland reporting/260420_Pinning_stones_convergence_economy_FINAL.docx,extracted_text/SRC-R2-01_v1_full.txt,SUPERSEDED,Filename contains FINAL but is superseded by v3.12; tests version authority,REVIEWED,python-docx,full,24 tables extracted; headers/footers/footnotes/images not captured,original DOCX,Devin,26/09/08,v1.1
SRC-R2-02,P01-NES,NES Creative Industries Report,report,Iain Bennett,26/05/08,canonical/P01-NES/260605 Mapping_Creative_Industries_report_v3.12.docx,title/date/scope/headline numbers/methodology qualifiers,internal_only,COMPLETE,primary,NES-FAM,Canonical v3.12 confirmed; R2-D01 tests baseline distinction between two differently dated reports,,,,Active projects/2025 NE Scotland/2025 NE Scotland reporting/260508 NES_Creative_Industries_Report.docx,extracted_text/SRC-R2-02_v1_full.txt,CANONICAL,v3.12 confirmed as canonical main report,REVIEWED,python-docx,full,Headers/footers/footnotes/images not captured,original DOCX,Devin,26/09/08,v1.1
SRC-R2-03,P02-FGTG,FG2G Update,update,Iain Bennett,24/11/06,canonical/P02-FGTG/241106 FG2G Update.docx,entire update,internal_only,COMPLETE,primary,FGTG-FAM,"WORKING DRAFT: V2 draft (Apr 24) is not final; later content exists including TDC12 consultation presentation (May 29, 16 slides) and CDEC proposal.pdf (Nov 29, scanned); Transcript not automatically a workshop outcome report; R2-D02 and R2-D08 test workshop planning vs delivery and missing-vs-null",,,,Archive projects/2024 Projects/2024 Man Met From Good to Great/2024 FGTG Phase 2/241106 FG2G Update.docx,extracted_text/SRC-R2-03_v1_full.txt,CANONICAL,Project closed; spillovers emerged through SME engagement,REVIEWED,python-docx,"V2 draft marked DRAFT; ends abruptly; later versions exist (TDC12 May 29 presentation, Nov 29 proposal); 85 lines extracted",Headers/footers/footnotes/images not captured,original DOCX,Devin,26/09/08,v1.1
SRC-R2-04,P03-MITIH,MITIH Createch Ecosystem Report (Oct 24 reconciliation),report_reconciliation,Iain Bennett,25/10/24,canonical/P03-MITIH/251024 MITIH Createch Ecosystem Report.docx,appendix (D03); section 4 (D04),internal_only,COMPLETE,primary,MITIH-FAM,152 paras 0 tables; reconciliation attempt not full report; June 12 report NOT accepted; findings valid but recommendations rejected; R2-D03 tests investment-sequence appendix; R2-D04 tests bridging-organisations network,,,,Archive projects/2025 Projects/2025 MITIH Createch ecosystem/2025 MITIH Reporting/251024 MITIH Createch Ecosystem Report.docx,extracted_text/SRC-R2-04_v1_full.txt,RECONCILIATION,June 12 NOT accepted; Aug 17 and Oct 24 are reconciliation attempts; report unpublished; findings valid,REVIEWED,python-docx,full,Headers/footers/footnotes/images not captured,original DOCX,Devin,26/09/08,v1.1
SRC-R2-05,P04-GBSLEP,GBSLEP Creative Economy report,report,BOP Consulting / Iain Bennett,17/12/12,canonical/P04-GBSLEP/171212 GBSLEP Creative Economy report.docx,executive-summary cultural organisations/intermediaries subsections,internal_only,COMPLETE,primary,GBSLEP-FAM,Fifth Sector subcontractor to BOP; R2-D05 tests intermediaries/knowledge transfer and Fifth Sector role; 18/07 DF CHANGES is post-publication correction,,,,Archive projects/2017 Projects/2017 GBSLEP creative economy mapping/171212 GBSLEP Creative Economy report.docx,extracted_text/SRC-R2-05_v1_full.txt,CANONICAL,17/12 report canonical; 18/08 executive summary also relevant,REVIEWED,python-docx,full,Headers/footers/footnotes/images not captured,original DOCX,Devin,26/09/08,v1.1
SRC-R2-06,P05-WMCA,WMCA Creative Business scale-up final report,report_pdf,BOP Consulting,20/01/09,canonical/P05-WMCA/200109 WMCA Creative Business scale-up final report.pdf,cover/quotation and methodology section,internal_only,COMPLETE,primary,WMCA-FAM,CORRECTED: original R2 source was 190730 final.docx (client quotation response by Pritpal Bhurji NOT the report); corrected to 20/01/09 PDF confirmed by Iain 26/09/09; Fifth Sector subcontractor to BOP; R2-D06 tests document type behind filename containing final,,,,Archive projects/2020 Projects/2020 WMCA Creative Scaleup/200109 WMCA Creative Business scale-up final report.pdf,extracted_text/SRC-R2-06_v1_full.txt,CANONICAL,20/01/09 PDF confirmed as canonical by Iain 26/09/09; BOP prime Fifth Sector sub,REVIEWED,PyPDF2,full,17 pages; images/tables/form-fields not captured; old extraction from docx renamed SUPERSEDED,original PDF,Devin,26/09/09,v1.1
SRC-R2-07,P06-COSTAR,CoSTAR Case ad Delivery,bid_support,Steve Hunt / Iain Bennett,23/01/30,canonical/P06-COSTAR/230125 CoSTAR Case ad Delivery.docx,cover strategic fit and theory of change,internal_only,COMPLETE,primary,COSTAR-FAM,Bid NOT successful (confirmed by Iain 26/09/09); 25/10 consortium plan is for different/revived consortium; R2-D07 tests bid-support work and funding outcome; national competition not local,,,,Archive projects/2022 Projects/2022 CoSTAR/CoSTAR bid material/230125 CoSTAR Case ad Delivery.docx,extracted_text/SRC-R2-07_v1_full.txt,CANONICAL,Bid support document; bid NOT successful,REVIEWED,python-docx,full,283 paras 2 tables; headers/footers/footnotes/images not captured,original DOCX,Devin,26/09/08,v1.1
SRC-R2-08,P07-CC,Creative City project inception,inception_note,Iain Bennett,20/09/14,canonical/P07-CC/200914 Creative City project inception.docx,entire short inception note,internal_only,COMPLETE,primary,CC-FAM,38 paras 0 tables; SIPF application NOT successful (confirmed by Iain 26/09/09); project did not proceed beyond inception; R2-T01 tests atomic method/output/design proposition and commission/programme distinction,,,,Archive projects/2020 Projects/2020 Creative City/Creative City project inception/200914 Creative City project inception.docx,extracted_text/SRC-R2-08_v1_full.txt,CANONICAL,Inception note; application NOT successful,REVIEWED,python-docx,full,38 paras 0 tables; headers/footers/footnotes/images not captured,original DOCX,Devin,26/09/08,v1.1
SRC-R2-09,P08-LIVDCI,LCR DCI Cluster mapping proposal,proposal,Iain Bennett,24/01/05,canonical/P08-LIVDCI/240105 LCR DCI Cluster mapping_TheFifthSector.docx,experience and methodology sections only,internal_only,COMPLETE,primary,LIVDCI-FAM,274 paras 1 table rev=307; proposal NOT the final report; Iain confirmed use both; R2-T02 tests method reuse/role and proposal vs delivery separation; final report accepted by client,,,,Archive projects/2024 Projects/2024 Liverpool DCI/2024 LCR Cluster Mapping Proposal/240105 LCR DCI Cluster mapping_TheFifthSector.docx,extracted_text/SRC-R2-09_v1_full.txt,CANONICAL,Proposal; use with SRC-R2-09B (final report),REVIEWED,python-docx,full,Headers/footers/footnotes/images not captured,original DOCX,Devin,26/09/08,v1.1
SRC-R2-09B,P08-LIVDCI,LiverpoolCityRegion DigitalCreative final report,report,Iain Bennett,24/07/08,canonical/P08-LIVDCI/LiverpoolCityRegion_DigitalCreative_final.docx,full report for context,internal_only,COMPLETE,primary,LIVDCI-FAM,844 paras 27 tables 85 pages; final report accepted by client (confirmed by Iain 26/09/09); added as supplementary source to SRC-R2-09; R2-T02 tests proposal vs delivery,,,,Archive projects/2024 Projects/2024 Liverpool DCI/LCR DCI reporting/LiverpoolCityRegion_DigitalCreative_final.docx,extracted_text/SRC-R2-09B_v1_full.txt,CANONICAL,Final report accepted by client confirmed by Iain 26/09/09,REVIEWED,python-docx,full,27 tables; headers/footers/footnotes/images not captured,original DOCX,Devin,26/09/09,v1.1
SRC-R2-10,P09-CDEC,CDEC challenges paper V2 draft,challenges_paper,Iain Bennett,12/04/24,canonical/P09-CDEC/CDEC challenges paper V2 - draft_IB.docx,introduction convergence and recommendations,internal_only,COMPLETE,primary,CDEC-FAM,85 paras 0 tables; challenges paper finalised (confirmed by Iain 26/09/09); Fifth Sector advisory/consultative role; oldest project in pilot (2012); R2-T03 tests atomic proposed cross-sector mechanism,,,,Archive projects/2012 Projects/2012 Creative Digital Economy Catapult/CDEC challenges paper V2 - draft_IB.docx,extracted_text/SRC-R2-10_v1_full.txt,FINALISED,Finalised confirmed by Iain 26/09/09; archive contains V2 draft; advisory/consultative role,REVIEWED,python-docx,full,85 paras 0 tables; headers/footers/footnotes/images not captured,original DOCX,Devin,26/09/08,v1.1
SRC-R2-11,P10-KIRK,Kirklees Creative Economy 2024 final,report,Iain Bennett,24/09/23,canonical/P10-KIRK/240718 Kirklees Creative Economy 2024 final.docx,executive summary and economic-impact methodology only,internal_only,COMPLETE,primary,KIRK-FAM,CORRECTED: original R2 source was 24/07/18 version (528 paras 18 tables); corrected to Sep 23 final (544 paras 19 tables); 2022 and 2024 reports accepted (confirmed by Iain 26/09/09); 2026 report in progress; P10-KIRK is three-report method evolution case; R2-T04 tests monetary baseline proposition,,,,Archive projects/2021 Projects/2021 Kirklees CI mapping/Reporting/240718 Kirklees Creative Economy 2024 final.docx,extracted_text/SRC-R2-11_v1_full.txt,CANONICAL,24/09/23 final confirmed as canonical; 2022 and 2024 accepted; old extraction from Jul 18 renamed SUPERSEDED,REVIEWED,python-docx,full,19 tables; headers/footers/footnotes/images not captured,original DOCX,Devin,26/09/09,v1.1
SRC-R2-12,,LCR Screen Sector Research Invitation to Quote,tender_itq,LCR (buyer),26,,entire ITQ,internal_only,COMPLETE,primary,LCRFILM-FAM,Buyer-owned staging; real criteria; conflicting dates; missing attached requirements; R2-O01 tests requirement map and as-at test decision; attached technical brief may be needed,,R2-O01,Archive proposals/2026 Proposals lost/2026 LCR Film Impact/LCR Screen Sector Research Invitation to Quote.pdf,extracted_text/SRC-R2-12_v1_full.txt,CANONICAL,Buyer-issued ITQ,REVIEWED,PyPDF2,full,Images/tables/form-fields not captured,original PDF,Devin,26/09/08,v1.1,R2-O01
SRC-R2-13,,British Council Art and Tech RFP document,tender_rfp,British Council (buyer),26,,entire RFP,internal_only,COMPLETE,primary,BCAT-FAM,Explicit analytical requirements; R2-O02 tests buyer-source map and HOLD/other decision; do not use old approach summary as proxy,,R2-O02,Active proposals/2026 British Council Art and Tech/UK_1412RFPdocument.pdf,extracted_text/SRC-R2-13_v1_full.txt,CANONICAL,Buyer-issued RFP,REVIEWED,PyPDF2,full,Images/tables/form-fields not captured,original PDF,Devin,26/09/08,v1.1,R2-O02
SRC-R2-14,,British Council Art and Tech Clarifications,tender_clarification,British Council (buyer),26/09/03,,sheet/cell and question identifiers,internal_only,COMPLETE,primary,BCAT-FAM,Clarification hierarchy; mandatory capability and contract unknowns; preserve sheet/cell and question identifiers,,R2-O02,Active proposals/2026 British Council Art and Tech/UK_1412 - Clarifications 03.09.26.xlsx,extracted_text/SRC-R2-14_v1_full_sheets.csv,CANONICAL,Buyer-issued clarifications,REVIEWED,openpyxl,full,data_only=True cached values; formulas/hidden sheets/formatting not captured,original XLSX,Devin,26/09/08,v1.1,R2-O02
SRC-R2-15,,British Council Art and Tech Annex1 Agreement,tender_agreement_draft,British Council (buyer),26,,draft agreement terms,internal_only,COMPLETE,primary,BCAT-FAM,Draft agreement terms not an executed contract; R2-O02 tests contract unknowns,,R2-O02,Active proposals/2026 British Council Art and Tech/UK_1412-Annex1-Agreement.docx,extracted_text/SRC-R2-15_v1_full.txt,DRAFT,Draft agreement not executed contract,REVIEWED,python-docx,full,Headers/footers/footnotes/images not captured,original DOCX,Devin,26/09/08,v1.1,R2-O02
SRC-R3-01,P02-FGTG,From Good to Great workshop report,workshop_report,Iain Bennett,25/06/17,canonical/P02-FGTG/250617 From Good to Great workshop report.docx,entire report,internal_only,COMPLETE,primary,FGTG-FAM,52 paras 0 tables; workshop DID happen; outcomes recorded; confirms Iain D08 adjudication that workshop occurred and outcomes are in final report outside R2 packet; R3 source for P02-FGTG substantive claims,,,,Archive projects/2024 Projects/2024 Man Met From Good to Great/2025 FGTG reporting/250617 From Good to Great workshop report.docx,extracted_text/SRC-R3-01_v1_full.txt,CANONICAL,Workshop report confirms delivery; outcomes recorded,REVIEWED,python-docx,full,52 paras 0 tables; headers/footers/footnotes/images not captured,original DOCX,Devin,26/09/09,v1.3
SRC-R3-02,P02-FGTG,GMCA FGTG options for devolved approach,options_document,Iain Bennett,25/06/13,canonical/P02-FGTG/250613 GMCA FGTG options for devolved approach.docx,entire document,internal_only,COMPLETE,primary,FGTG-FAM,92 paras 0 tables; strategic options document building on workshop feedback; proposes GM-specific R&D funding process framework; DESIGN/RECOMMENDATION document; R3 source for P02-FGTG option claims,,,,Archive projects/2024 Projects/2024 Man Met From Good to Great/2025 FGTG reporting/250613 GMCA FGTG options for devolved approach.docx,extracted_text/SRC-R3-02_v1_full.txt,CANONICAL,Options document; builds on workshop feedback,REVIEWED,python-docx,full,92 paras 0 tables; headers/footers/footnotes/images not captured,original DOCX,Devin,26/09/09,v1.3
SRC-R3-03,P02-FGTG,FGTG Workshop analysis,workshop_analysis,Steve Hillier,25/06/11,canonical/P02-FGTG/Workshop analysis 110625.docx,entire analysis,internal_only,COMPLETE,primary,FGTG-FAM,62 paras 0 tables; workshop analysis by Steve Hillier; R3 supplementary source for P02-FGTG,,,,Archive projects/2024 Projects/2024 Man Met From Good to Great/2025 FGTG reporting/Workshop analysis 110625.docx,extracted_text/SRC-R3-03_v1_full.txt,CANONICAL,Workshop analysis by Steve Hillier,REVIEWED,python-docx,full,62 paras 0 tables; headers/footers/footnotes/images not captured,original DOCX,Devin,26/09/09,v1.3
SRC-R3-04,P36-DERBYCSR,Derby Culture Strategic Review RFQ,tender_rfq,Derby City Council (buyer),26/06/15,canonical/,entire RFQ including tables 1-8,internal_only,COMPLETE,primary,DERBY-FAM,39 paras 8 tables; buyer-issued RFQ; Below Threshold Procurement Procurement Act 2023; £50K max budget; 7 months; CDP registration required; R2-O02 tested tender gate; now extracted for R3; QA FIX 26/09/11: project_id set to P36-DERBYCSR,,R3-T05,Archive proposals/2026 Proposals lost/2026 Derby/ENQ1304 - Quick Quote Request for Quotation (RFQ).docx,extracted_text/SRC-R3-04_v1_full.txt,CANONICAL,Buyer-issued RFQ; Derby City Council,REVIEWED,python-docx,full,39 paras 8 tables; headers/footers/footnotes/images not captured,original DOCX,Devin,26/09/09,1.3-candidate,R3-T05
SRC-R3-05,P36-DERBYCSR,Derby ENQ1304 Response TheFifthSector v3,tender_response,The Fifth Sector,26/06/29,canonical/,entire response including tables 1-4,internal_only,COMPLETE,primary,DERBY-FAM,64 paras 4 tables; Fifth Sector response v3; £40K ex VAT; 62 days; 5 strands; Foresight platform; team of 6; Iain Bennett lead; bid UNSUCCESSFUL (folder in 2026 Proposals lost); QA FIX 26/09/11: project_id set to P36-DERBYCSR,,R3-T05,Archive proposals/2026 Proposals lost/2026 Derby/Derby_ENQ1304_Response_TheFifthSector_v3.docx,extracted_text/SRC-R3-05_v1_full.txt,CANONICAL,Fifth Sector response v3; bid unsuccessful,REVIEWED,python-docx,full,64 paras 4 tables; headers/footers/footnotes/images not captured,original DOCX,Devin,26/09/09,1.3-candidate,R3-T05
SRC-R3-06,P36-DERBYCSR,Hannah Barker Derby Fathom note,meeting_note,Hannah Barker / Iain Bennett,26/06/24,canonical/,short Fathom recording notice,internal_only,COMPLETE,primary,DERBY-FAM,202 chars; Fathom recording notice from meeting with Hannah Barker; minimal content; QA FIX 26/09/11: project_id set to P36-DERBYCSR,,R3-T05,Archive proposals/2026 Proposals lost/2026 Derby/260624 Hannah Barker Derby.txt,extracted_text/SRC-R3-06_v1_full.txt,SUPPLEMENTARY,Fathom recording notice; minimal content,REVIEWED,txt copy,full,Copied txt file,original TXT,Devin,26/09/09,1.3-candidate,R3-T05
SRC-R3-07,P36-DERBYCSR,Cultural Data Strategy Meeting otter ai transcript,meeting_transcript,Iain Bennett / Nic Millington,26/06/25,canonical/,entire transcript,internal_only,COMPLETE,primary,DERBY-FAM,37407 chars; Otter AI transcript of Cultural Data Strategy meeting; planning discussion for Derby response; QA FIX 26/09/11: project_id set to P36-DERBYCSR,,R3-T05,Archive proposals/2026 Proposals lost/2026 Derby/Cultural Data Strategy Meeting_otter_ai_transcript.txt,extracted_text/SRC-R3-07_v1_full.txt,SUPPLEMENTARY,Otter AI transcript; planning discussion,REVIEWED,txt copy,full,Copied txt file,original TXT,Devin,26/09/09,1.3-candidate,R3-T05
SRC-G2-001,P12-KIRK15,Kirklees 2015 Results xlsx,data_spreadsheet,BOP Consulting / Iain Bennett,15/04/16,canonical/P12-KIRK15/150416 Kirklees Results.xlsx,all 6 sheets,internal_only,COMPLETE,primary,KIRK15-FAM,6 sheets: Trident (CI/CE employment); SOC (culture occupations); Sole Prop; Business size; VAT; GVA; CI employment 3360; CE employment 5020; CI GVA £100.979m; data-only source no narrative report; full read of all 6 sheets,,,,Archive projects/2015 Projects/2015 Kirklees/150416 Kirklees Results.xlsx,extracted_text/SRC-G2-001_v1_full.txt,CANONICAL,Data spreadsheet; no narrative report found in folder; may be in zip,REVIEWED,openpyxl,full,6 sheets; formulas/formatting not captured; data_only=True,original XLSX,Devin,26/09/09,v1.3
SRC-G2-002,P11-ELFC,ELFC Report DIGITAL 170302,report,BOP Consulting / Iain Bennett,17/03/02,canonical/P11-ELFC/170302_ELFC_Report_DIGITAL.docx,full report including all sections and appendices,internal_only,COMPLETE,primary,ELFC-FAM,1502 paras 8 tables 127K chars; main ELFC report; Iain Bennett lead consultant confirmed in Appendix E; commissioned by LCF and GLA; strategy and action plan NOT evaluation; all outcomes are proposals/forecasts; full read confirmed 1697 lines,,,,Archive projects/2017 Projects/2017 East London Fashion Cluster/170302_ELFC_Report_DIGITAL.docx,extracted_text/SRC-G2-002_v1_full.txt,CANONICAL,Main report; Iain Bennett lead consultant; strategy not evaluation,REVIEWED,python-docx,full,8 tables extracted; headers/footers/footnotes/images not captured; 1697 lines read,original DOCX,Devin,26/09/09,v1.3
SRC-G2-003,P11-ELFC,ELFC Summary Report 170314,summary_report,BOP Consulting / Iain Bennett,17/03/14,canonical/P11-ELFC/170314_ELFC_SummaryReport_PRESSQUALITY_FINAL.docx,full summary report,internal_only,COMPLETE,primary,ELFC-FAM,257 paras 6 tables 32K chars; summary report for publication; key baseline data: £1.4bn GVA 36200 jobs 57% growth; 6 tables including GVA breakdown and LQ data; full read confirmed 348 lines,,,,Archive projects/2017 Projects/2017 East London Fashion Cluster/170314_ELFC_SummaryReport_PRESSQUALITY_FINAL.docx,extracted_text/SRC-G2-003_v1_full.txt,CANONICAL,Summary report; press quality final,REVIEWED,python-docx,full,6 tables; headers/footers/footnotes/images not captured; 348 lines read,original DOCX,Devin,26/09/09,v1.3
SRC-G2-004,P11-ELFC,ELFC case for intervention v2 IB,economic_rationale_note,Iain Bennett,16/10/05,canonical/P11-ELFC/161005 East London Fashion Cluster case for intervention v2_IB.docx,full note,internal_only,COMPLETE,primary,ELFC-FAM,86 paras 0 tables 12K chars; Iain Bennett-authored case for intervention; GLA Economics perspective on market failure and cluster theory; explicitly asks for evidence of spillover effects; full read confirmed 85 lines,,,,Archive projects/2017 Projects/2017 East London Fashion Cluster/161005 East London Fashion Cluster case for intervention v2_IB.docx,extracted_text/SRC-G2-004_v1_full.txt,CANONICAL,Iain Bennett-authored case for intervention; GLA Economics perspective,REVIEWED,python-docx,full,0 tables; headers/footers/footnotes/images not captured; 85 lines read,original DOCX,Devin,26/09/09,v1.3
SRC-G2-005,P11-ELFC,ELFC Action Plan final v3.0 clean,action_plan,BOP Consulting / Iain Bennett,17/03/14,canonical/P11-ELFC/170314 ELFC Action Plan final v3.0 clean.docx,full action plan,internal_only,COMPLETE,primary,ELFC-FAM,67 paras 0 tables 7.6K chars; action plan with 4 proposed interventions: ELFC SPV; Skills Framework; Workspace Alliance; London Fashion Fund; Fashion Tech R&D Showcase; full read confirmed 67 lines,,,,Archive projects/2017 Projects/2017 East London Fashion Cluster/170314 ELFC Action Plan final v3.0 clean.docx,extracted_text/SRC-G2-005_v1_full.txt,CANONICAL,Action plan v3.0; 4 proposed interventions,REVIEWED,python-docx,full,0 tables; headers/footers/footnotes/images not captured; 67 lines read,original DOCX,Devin,26/09/09,v1.3
SRC-G2-006,P13-CWL,CWL Final evaluation report,report,BOP Consulting / Iain Bennett,16/06/01,canonical/P13-CWL/160601_CWL_Final.docx,full report,internal_only,COMPLETE,primary,CWL-FAM,258 paras 1 table 20K chars; BOP evaluation of Creativeworks London KE Hub; identifies spillover evidence gap; counterfactual reasoning; proposes exploitation strategy; full read confirmed 277 lines,,,,Archive projects/2016 Projects/2016 Creativeworks London/160601_CWL_Final.docx,extracted_text/SRC-G2-006_v1_full.txt,CANONICAL,BOP evaluation; Iain Bennett contributed,REVIEWED,python-docx,full,1 table; headers/footers/footnotes/images not captured; 277 lines read,original DOCX,Devin,26/09/09,v1.3
SRC-G2-007,P14-DCAT,Engaging with New Realities IB PDF,report_pdf,BOP Consulting / Iain Bennett,18/03/18,canonical/P14-DCAT/180318_Digital_Catapault_Report_IB.pdf,full report 26 pages,internal_only,COMPLETE,primary,DCAT-FAM,2748 lines 126K chars; main published report; Iain Bennett lead consultant; 500 companies mapped; 9 UK clusters; international case studies (Vancouver Shanghai); barriers and opportunities analysis; full read confirmed 2748 lines,,,,Archive projects/2018 Projects/2018 Digital Catapult immersive/180318_Digital_Catapault_Report_IB.pdf,extracted_text/SRC-G2-007_v1_full.txt,CANONICAL,Main published report; IB version,REVIEWED,PyPDF2,full,26 pages; images/tables/form-fields not captured; 2748 lines read,original PDF,Devin,26/09/09,v1.3
SRC-G2-008,P14-DCAT,Digital Catapult Technical Report,technical_report,BOP Consulting / Iain Bennett,18/03/19,canonical/P14-DCAT/BEI-WP7_Technical-report.docx,full technical report with appendices,internal_only,COMPLETE,primary,DCAT-FAM,432 paras 9 tables 80K chars; technical report with detailed cluster case studies; SIA review; KTP analysis; research facility profiles; full read confirmed 788 lines,,,,Archive projects/2018 Projects/2018 Digital Catapult immersive/BEI-WP7_Technical-report.docx,extracted_text/SRC-G2-008_v1_full.txt,CANONICAL,Technical report with detailed appendices,REVIEWED,python-docx,full,9 tables; headers/footers/footnotes/images not captured; 788 lines read,original DOCX,Devin,26/09/09,v1.3
SRC-G2-009,P15-LIVMUS,Liverpool City of Music strategy draft final report,report_draft,BOP Consulting / Iain Bennett,18/01/09,canonical/P15-LIVMUS/180109 Liverpool City of Music strategy draft final report.docx,full draft,internal_only,COMPLETE,primary,LIVMUS-FAM,532 paras 5 tables 98K chars; draft version dated 18/01; core music sector turnover £108.6m (revised to £100.5m in final); substantially same as final with minor revisions; full read confirmed 638 lines,,,,Archive projects/2017 Projects/2017 Liverpool City of Music/180109 Liverpool City of Music strategy draft final report.docx,extracted_text/SRC-G2-009_v1_full.txt,SUPERSEDED,Draft superseded by 18/02 final; turnover figure revised,REVIEWED,python-docx,full,5 tables; headers/footers/footnotes/images not captured; 638 lines read,original DOCX,Devin,26/09/09,v1.3
SRC-G2-010,P15-LIVMUS,Liverpool City of Music strategy 18/02,report,BOP Consulting / Iain Bennett,18/02/06,canonical/P15-LIVMUS/Liverpool City of Music strategy 18/02.docx,full strategy,internal_only,COMPLETE,primary,LIVMUS-FAM,588 paras 7 tables 113K chars; final strategy; core music sector £100.5m turnover 2360 jobs; Beatles heritage £98m; 60+ consultees; 3 scenarios; strategic operational and capital recommendations; full read confirmed 831 lines,,,,Archive projects/2017 Projects/2017 Liverpool City of Music/Liverpool City of Music strategy 18/02.docx,extracted_text/SRC-G2-010_v1_full.txt,CANONICAL,Final strategy 18/02; supersedes January draft,REVIEWED,python-docx,full,7 tables; headers/footers/footnotes/images not captured; 831 lines read,original DOCX,Devin,26/09/09,v1.3
SRC-G2-011,P16-CICP,CICP evaluation approach final,evaluation_approach,Frontier Economics / BOP Consulting,20,canonical/P16-CICP/ProJ 1.1- approach-final.docx,entire approach document,internal_only,COMPLETE,primary,CICP-FAM,84 paras 1 table; evaluation approach design not outcome report; Fifth Sector contributed mapping and methodology via BOP; marginal claim; Iain confirmed 26/09/11,Archive projects/Google project folders/2020/UKRI AHRC - Creative Industries Clusters Progr - (2020-2024)/ProJ 1.1- approach-final.docx,extracted_text/SRC-G2-011_v1_full.txt,CANONICAL,Evaluation approach document; not outcome report,REVIEWED,python-docx,full,1 table; headers/footers not captured,original DOCX,Devin,26/09/11,1.3-candidate,G2-BATCH-B,,
SRC-G2-012,P17-LCRCSU,Leeds City Region Creative Scale Up v2.0,report,Iain Bennett / The Fifth Sector,20/07/30,canonical/P17-LCRCSU/200730 Leeds CIty Region Creative Scale Up v2.0.docx,full report,internal_only,COMPLETE,primary,LCRCSU-FAM,200 paras 1 table; Iain Bennett lead consultant (line 198); bid evidence base not outcome evaluation; BRES ONS LQ analysis; Channel 4 relocation context,Archive projects/2020 Projects/2020 Leeds City Region Creative Scale Up/200730 Leeds CIty Region Creative Scale Up v2.0.docx,extracted_text/SRC-G2-012_v1_full.txt,CANONICAL,Bid evidence base; Iain Bennett lead consultant,REVIEWED,python-docx,full,1 table; headers/footers not captured,original DOCX,Devin,26/09/11,1.3-candidate,G2-BATCH-B,,
SRC-G2-013,P18-GRIMSBY,NELC Phase 1 Report FINAL,report_pdf,Magna Vitae,20,canonical/P18-GRIMSBY/NELC Phase 1 Report FINAL.pdf,full report,internal_only,COMPLETE,primary,GRIMSBY-FAM,60 pages; Magna Vitae authored; Fifth Sector contributed mapping data (Iain confirmed 26/09/11); participation baselines from national surveys; no economic output data; design propositions not outcomes,Archive projects/2020 Projects/2020 Grimsby CCI/NELC Phase 1 Report FINAL.pdf,extracted_text/SRC-G2-013_v1_full.txt,CANONICAL,Magna Vitae report; Fifth Sector data contributor,REVIEWED,PyPDF2,full,60 pages; images/tables not captured,original PDF,Devin,26/09/11,1.3-candidate,G2-BATCH-B,,
SRC-G2-014,P19-LCRIMM,LCR Immersive Sector final report 20/05,report_pdf,Iain Bennett / Marta Moretto / BOP Consulting,20/05,canonical/P19-LCRIMM/Liverpool City Region Immersive Sector final report 20/05.pdf,full report,internal_only,COMPLETE,primary,LCRIMM-FAM,57 pages; Iain Bennett as BOP author (line 18); 169 organisations mapped; survey n=56; cross-sector case studies; work began 2019 delivered 20/05; post-2020 replacement per Iain,Archive projects/2019 Projects/2019 LCR Growth Company Immersive tech/Reporting/Liverpool City Region Immersive Sector final report 20/05.pdf,extracted_text/SRC-G2-014_v1_full.txt,CANONICAL,Final report; Iain Bennett as BOP author,REVIEWED,PyPDF2,full,57 pages; images/tables not captured,original PDF,Devin,26/09/11,1.3-candidate,G2-BATCH-B,,
SRC-G2-015,P20-SYMCA21,SYMCA Cultural and Creative Industries 1.1,report,The Fifth Sector,22/06/08,canonical/P20-SYMCA21/200608 SYMCA Cultural and Creative Industries 1.1.docx,full report,internal_only,COMPLETE,primary,SYMCA21-FAM,324 paras; Fifth Sector lead with Curator Technologies and Morra; BRES LinkedIn IDBR Companies House FAME Beauhurst; 4000+ companies 31000 workforce; creative growth paradox,Archive projects/2021 Projects/2021 SYMCA CCI research/200608 SYMCA Cultural and Creative Industries 1.1.docx,extracted_text/SRC-G2-015_v1_full.txt,CANONICAL,Fifth Sector lead consultant,REVIEWED,python-docx,full,headers/footers not captured,original DOCX,Devin,26/09/11,1.3-candidate,G2-BATCH-B,,
SRC-G2-016,P21-MMUCCI,Man Met CCI report v2,report,The Fifth Sector,22/10/14,canonical/P21-MMUCCI/221014 Man Met CCI report v2.docx,full report,internal_only,COMPLETE,primary,MMUCCI-FAM,521 paras; Fifth Sector lead (www.thefifthsector.co.uk line 24); stakeholder interviews Mar-22/08; desk research; benchmarking; REF 2021; network gap findings,Archive projects/2021 Projects/2021 MMU CCI/Reporting/221014 Man Met CCI report v2.docx,extracted_text/SRC-G2-016_v1_full.txt,CANONICAL,Fifth Sector lead consultant,REVIEWED,python-docx,full,headers/footers not captured,original DOCX,Devin,26/09/11,1.3-candidate,G2-BATCH-B,,
SRC-G2-017,P22-LCRFILM,Liverpool Production Fund Interim Evaluation draft report,evaluation_report,Iain Bennett / The Fifth Sector,21/02/04,canonical/P22-LCRFILM/210204 Liverpool Production Fund Interim Evaluation draft report.docx,full evaluation,internal_only,COMPLETE,primary,LCRFILM-FAM,232 paras 5 tables; Iain Bennett of The Fifth Sector for Liverpool Film Office (lines 225-231); £6.76 leverage; 455 indirect FTE; Development Fund 7 pipeline projects; recoupment projections are estimates; richest documented output data,Archive projects/2020 Projects/2020 Liverpool Film Fund evaluation/Reporting/210204 Liverpool Production Fund Interim Evaluation draft report.docx,extracted_text/SRC-G2-017_v1_full.txt,CANONICAL,Interim evaluation; Fifth Sector prime,REVIEWED,python-docx,full,5 tables; headers/footers not captured,original DOCX,Devin,26/09/11,1.3-candidate,G2-BATCH-B,,
SRC-G2-018,P23-DERBY,Derby(s) Film Office feasibility study,feasibility_study,The Fifth Sector,22/08/09,canonical/P23-DERBY/220809 Derby(s) Film Office feasibility study.pdf,full study,internal_only,COMPLETE,primary,DERBY-FAM,27 pages; Fifth Sector lead consultant; survey n=17; Liverpool Film Office comparator; no local baseline; 2 FTE start-up design proposition,Archive projects/2022 Projects/2022 Derby Screen Agency/220809 Derby(s) Film Office feasibility study.pdf,extracted_text/SRC-G2-018_v1_full.txt,CANONICAL,Feasibility study; Fifth Sector prime,REVIEWED,PyPDF2,full,27 pages; images/tables not captured,original PDF,Devin,26/09/11,1.3-candidate,G2-BATCH-B,,
SRC-G2-019,P24-SYMCACGP,SYMCA Cultural and Creative Industries final report,report,The Fifth Sector,22,canonical/P24-SYMCACGP/SYMCA Cultural and Creative Industries final report.docx,full report,internal_only,COMPLETE,primary,SYMCACGP-FAM,370 paras 4 tables; Fifth Sector lead with Curator Technologies; 4025 companies 31000 workforce; GVA up to £2bn; creative growth paradox; 1013 courses; extends P20-SYMCA21,Archive projects/2022 Projects/2022 SYMCA Create Growth/2022 SYMCA CGP Reporting/SYMCA Cultural and Creative Industries final report.docx,extracted_text/SRC-G2-019_v1_full.txt,CANONICAL,Fifth Sector lead consultant,REVIEWED,python-docx,full,4 tables; headers/footers not captured,original DOCX,Devin,26/09/11,1.3-candidate,G2-BATCH-B,,
SRC-G2-020,P25-LANCGP,Lancashire Create Growth Programme FINAL,grant_application,Lancashire LEP / Fifth Sector data,22/09,canonical/P25-LANCGP/Lancashire Create Growth Programme FINAL.pdf,full application,internal_only,COMPLETE,primary,LANCGP-FAM,42 pages; Fifth Sector cited as data source (lines 197 1427 1430); grant application not outcome report; 4500 businesses 36000 jobs; 4 hubs; £1.275m budget; Pennine Originals spillover into aerospace/automotive,Archive projects/2022 Projects/2022 Lancashire Create Growth/Lancashire Create Growth Programme FINAL.pdf,extracted_text/SRC-G2-020_v1_full.txt,CANONICAL,Grant application; Fifth Sector data contributor,REVIEWED,PyPDF2,full,42 pages; images/tables not captured,original PDF,Devin,26/09/11,1.3-candidate,G2-BATCH-B,,
SRC-G2-021,P26-WSBH,West Sussex Brighton Hove Lewes CI v2,strategy,The Fifth Sector,23/04/21,canonical/P26-WSBH/230421 West Sussex Brighton Hove Lewes CI v2.docx,full strategy,internal_only,COMPLETE,primary,WSBH-FAM,607 paras 6 tables; Fifth Sector lead with Curator Technologies and Morra; 10225 companies 54428 workforce; BRES 2021; Createch; Digital Catapult Brighton; FuseBox24; 3-phase investment plan,Archive projects/2022 Projects/2022 West Sussex Brighton Hove Lewes/2022 West Sussex Reporting/230421 West Sussex Brighton Hove Lewes CI v2.docx,extracted_text/SRC-G2-021_v1_full.txt,CANONICAL,Fifth Sector lead consultant,REVIEWED,python-docx,full,6 tables; headers/footers not captured,original DOCX,Devin,26/09/11,1.3-candidate,G2-BATCH-B,,
SRC-G2-022,P27-WAKECDF,CDF Evaluation FINAL,evaluation_report,Iain Bennett / Steve Hunt / The Fifth Sector,25/09/29,OneDrive-TheFifthSector/Documents - The Fifth Sector/Archive projects/2025 Projects/2022 Wakefield CDF - Local Programme Evaluation/2024 CDF2 Reporting/250929 CDF Evaluation FINAL.docx,full evaluation,internal_only,COMPLETE,primary,WAKECDF-FAM,556 paras 14 tables; Iain Bennett and Steve Hunt for Wakefield Council (line 11); £4.38m CDF £22.03m total; CCI employment +32%; GVA +79%; Creative Wakefield +458%; CoSTAR secured; 10 new-to-market products; INTERNAL INCONSISTENCY: 120 vs 160 FTE,Archive projects/2025 Projects/2022 Wakefield CDF - Local Programme Evaluation/2024 CDF2 Reporting/250929 CDF Evaluation FINAL.docx,extracted_text/SRC-G2-022_v1_full.txt,CANONICAL,extracted_text/SRC-G2-022_v1_full.txt,REVIEWED,python-docx,full,14 tables; headers/footers not captured,full,Devin,26/09/11,1.3-candidate,G2-BATCH-B,,
SRC-G2-023,P28-CALDER,Calderdale CCI report final,report,The Fifth Sector,23/12/19,canonical/P28-CALDER/231219 Calderdale CCI report final.docx,full report,internal_only,COMPLETE,primary,CALDER-FAM,639 paras 18 tables; Produced by The Fifth Sector Limited (line 9); 655 ONS firms 880 Beauhurst; 2360 BRES; 7375 LinkedIn; music deep dive; Screen Yorkshire; Cultural Compact proposed,Archive projects/2023 Projects/2023 Calderdale/2023 Calderdale reporting/231219 Calderdale CCI report final.docx,extracted_text/SRC-G2-023_v1_full.txt,CANONICAL,Fifth Sector prime,REVIEWED,python-docx,full,18 tables; headers/footers not captured,original DOCX,Devin,26/09/11,1.3-candidate,G2-BATCH-B,,
SRC-G2-024,P29-SOLENTCGP,CGP Expansion FullApplication Form_Solent_DRAFT,grant_application_draft,Solent LEP / The Fifth Sector,23,canonical/P29-SOLENTCGP/CGP Expansion FullApplication Form_Solent_DRAFT.docx,full draft application,internal_only,COMPLETE,primary,SOLENTCGP-FAM,59 paras 6 tables; Fifth Sector appointed for market awareness research (line 191); DRAFT application; 4510 businesses 40000 jobs £1.5bn GVA; Createch maritime/aerospace spillovers; Solent Creative Investment Framework,Archive projects/2023 Projects/2023 Solent CGP/2023 Solent CGP Proposal/CGP Expansion FullApplication Form_Solent_DRAFT.docx,extracted_text/SRC-G2-024_v1_full.txt,DRAFT,Draft application; Fifth Sector data contributor,REVIEWED,python-docx,full,6 tables; headers/footers not captured,original DOCX,Devin,26/09/11,1.3-candidate,G2-BATCH-B,,
SRC-G2-025,P30-HEREFORD,Herefordshire Culture Strategy Review,strategy_review,The Fifth Sector,24/06/17,canonical/P30-HEREFORD/260617 Herefordshire Culture Strategy Review.docx,full review,internal_only,COMPLETE,primary,HEREFORD-FAM,225 paras; Iain confirmed lead consultant 26/09/11; 590 official businesses 4000+ LinkedIn; 100 courses; 56% graduate leakage; rural creative economy; fragmented ecosystem; cultural compact proposed,Archive projects/2024 Projects/2024 Herefordshire/2024 Herefordshire reporting/260617 Herefordshire Culture Strategy Review.docx,extracted_text/SRC-G2-025_v1_full.txt,CANONICAL,Fifth Sector lead consultant confirmed by Iain,REVIEWED,python-docx,full,headers/footers not captured,original DOCX,Devin,26/09/11,1.3-candidate,G2-BATCH-B,,
SRC-G2-026,P31-PRODPARK,Production Park GVA data,data_fragment,The Fifth Sector,24/07/19,canonical/P31-PRODPARK/240719 Production Park GVA data.docx,data table only,internal_only,COMPLETE,primary,PRODPARK-FAM,11 paras 1 table; data fragment only; LinkedIn codes mapped to BRES SIC07; BRES 2022 columns empty; no narrative; no spillover evidence; supplements P27-WAKECDF,Archive projects/2024 Projects/2024 Production Park GVA/240719 Production Park GVA data.docx,extracted_text/SRC-G2-026_v1_full.txt,SUPPLEMENTARY,Data fragment; incomplete; supplements Wakefield CDF,REVIEWED,python-docx,full,1 table; BRES columns empty,original DOCX,Devin,26/09/11,1.3-candidate,G2-BATCH-B,,
SRC-G2-027,P32-SURREY,Human Rewrite IB CLEAN,strategy,The Fifth Sector,25/08/18,canonical/P32-SURREY/250818 Human Rewrite IB CLEAN.docx,full strategy,internal_only,COMPLETE,primary,SURREY-FAM,212 paras; Iain confirmed lead consultant 26/09/11; £7.2bn annual value; 17000 companies; 115000 workforce; 12% growth; 43% freelance; aerospace-to-screen spillover; CoSTAR/Games Innovation Zone; £3-4m investment ask,Archive projects/2024 Projects/2024 Surrey+ Corridor/2025 Surrey+ Reporting/250818 Human Rewrite IB CLEAN.docx,extracted_text/SRC-G2-027_v1_full.txt,CANONICAL,Fifth Sector lead consultant confirmed by Iain,REVIEWED,python-docx,full,headers/footers not captured,original DOCX,Devin,26/09/11,1.3-candidate,G2-BATCH-B,,
SRC-G2-028,P33-LCRMUS,LCR_Music_Economy_Final_Report,report,The Fifth Sector / Unscrambled.world / University of Liverpool IPM,26/02/22,canonical/P33-LCRMUS/260222 LCR_Music_Economy_Final_Report.docx,full report,internal_only,COMPLETE,primary,LCRMUS-FAM,650 paras 38 tables; Fifth Sector/Unscrambled with UoL IPM (lines 13-15); four-tier workforce model; 14370 headcount 7215 FTE; £405.9m direct GVA £779.8m total; SNA of 272 businesses; 335 businesses 621 venues; Adlib cross-sector; £1bn by 2035 target,Archive projects/2025 Projects/2025 Liverpool Music/2025 Liverpool Music reporting/260222 LCR_Music_Economy_Final_Report.docx,extracted_text/SRC-G2-028_v1_full.txt,CANONICAL,Fifth Sector prime with Unscrambled and UoL IPM,REVIEWED,python-docx,full,38 tables; headers/footers not captured,original DOCX,Devin,26/09/11,1.3-candidate,G2-BATCH-B,,
SRC-G2-029,P34-SOLENTHANTS,Solent and Hampshire CA CI Mapping,report,The Fifth Sector / Unscrambled,25/07/18,canonical/P34-SOLENTHANTS/250718 Solent and Hampshire CA CI Mapping.docx,full report,internal_only,COMPLETE,primary,SOLENTHANTS-FAM,354 paras 11 tables; Prepared by The Fifth Sector Limited (line 7); £5.25bn GVA reconciled; 39980 BRES 80511 LinkedIn; 7530 IDBR 11420 DataCity; HDBSCAN clustering; 31% IT contraction; freelancers as knowledge transfer agents,Archive projects/2025 Projects/2025 Solent and Hampshire CI/2025 Solent and Hants Reporting/250718 Solent and Hampshire CA CI Mapping.docx,extracted_text/SRC-G2-029_v1_full.txt,CANONICAL,Fifth Sector prime with Unscrambled,REVIEWED,python-docx,full,11 tables; headers/footers not captured,original DOCX,Devin,26/09/11,1.3-candidate,G2-BATCH-B,,
SRC-G2-030,P22-LCRFILM,Liverpool City Region Production Fund Evaluation Report (Final),evaluation_report,,25/06/09,Archive projects/2025 Projects/2024 Liverpool Production Fund/2024 LPF Reporting/250609 Liverpool City Region Production Fund Evaluation.docx,,,COMPLETE,,,Final evaluation of LCR Production Fund; prepared by Iain Bennett and Lynne McCadden The Fifth Sector 25/06; 711 paragraphs; covers 2020-2024; key comparison with 2021 interim: leverage 6.76:1 to 8.69:1; FTE 455 to 859; investment £1.78m to £2.82m; LCR spend £6.73m to £24.5m; Development Fund treated as COVID emergency support not option value; 7.8:1 forecast not confirmed; extract at extracted_text/SRC-LPF-FINAL_v1_full.txt,,,,extracted_text/SRC-G2-030_v1_full.txt,CANONICAL,,REVIEWED,,full,711 paragraphs; full read confirmed; DOCX also available,,Devin,26/09/12,1.3-candidate,G2-BATCH-B
SRC-G2-031,P37,Suffolk CC Renewable Energy Programme Business Case v1.0,business_case,,21/12/21,Archive projects/2020 Projects/2020 Proving Services Suffolk/Reporting/201221 Suffolk CC Renewable Programme Business Case v1.0.docx,,,COMPLETE,,,Programme business case for SCC renewable energy; net zero by 2030; PV site analysis; OBC/SOC; prepared by ADEPT/CBN for Suffolk CC,,,,extracted_text/P37-suffolk-buscase_v1.txt,CANONICAL,,REVIEWED,,full,,,Devin,26/09/12,1.3-candidate,G2-BATCH-C
SRC-G2-032,P37,SCC Narrative Report v1,report,,20/07/17,Archive projects/2020 Projects/2020 Proving Services Suffolk/SCC narrative_report (v1_client).docx,,,COMPLETE,,,Initial narrative report for Suffolk CC,,,,extracted_text/P37-suffolk-narrative_v1.txt,SUPPORTING,,REVIEWED,,full,,,Devin,26/09/12,1.3-candidate,G2-BATCH-C
SRC-G2-033,P43,BAC + LIVR Project Evaluation Final Report,evaluation_report,,21/08,Archive projects/2021 Projects/2021 BAC + LIVR/2108 LIVR BAC project evaluation.docx,,,COMPLETE,,,Evaluation of BAC/LIVR XR arts project; project failed after 3 of 5 productions; process evaluation of why project failed; ACE funded £75k,,,,extracted_text/P43-bac-livr-eval_v1.txt,CANONICAL,,REVIEWED,,full,,,Devin,26/09/12,1.3-candidate,G2-BATCH-C
SRC-G2-034,P45,Lancashire Digital Strategy Final,strategy,,22/05/29,Archive projects/2021 Projects/2021 Lancashire Digital Strategy/220529 LancashireDigitalStrategy_final.docx,,,COMPLETE,,,Digital sector strategy for Lancashire; £1bn+ ICT GVA; e-commerce and creative tech £1.3bn; 28% growth over 5 years; workforce data; action plans,,,,extracted_text/P45-lancashire-digital-strategy_v1.txt,CANONICAL,,REVIEWED,,full,,,Devin,26/09/12,1.3-candidate,G2-BATCH-C
SRC-G2-035,P45,Lancashire Digital Economy Report 2021 Draft,research_report,,21/01,Archive projects/2021 Projects/2021 Lancashire Digital Strategy/2021 Digital Economy Report DRAFT V1 - Copy.pdf,,,SUPPORTING,,,Background digital economy report feeding into strategy  Background digital economy report; content covered in SRC-G2-034 strategy,,,,extracted_text/SRC-G2-035_v1_full.txt,SUPPORTING,,NOT_ASSESSED,,full,,,,,1.3-candidate,G2-BATCH-C
SRC-G2-036,P46,TVCA Creative Industries Sustainable Sector Growth Framework Baseline,baseline_report,,21/12,Archive projects/2021 Projects/2021 TVCA/2112 TVCA Creative Economy Baseline final draft.docx,,,COMPLETE,,,CCI baseline for Tees Valley; creative workforce; assets and clusters; productivity; screen industries; music; visual arts; performing arts; 303990 chars — substantial report,,,,extracted_text/P46-tvca-baseline_v1.txt,CANONICAL,,REVIEWED,,full,303990 chars; substantial report; full read confirmed,,Devin,26/09/12,1.3-candidate,G2-BATCH-C
SRC-G2-037,P46,TVCA Screen Industries Sector Growth Plan,strategy,,21/10/22,Archive projects/2021 Projects/2021 TVCA/211022 SCREEN INDUSTRIES SECTOR GROWTH PLAN_TVCA for CISSG.docx,,,SUPPORTING,,,Screen industries growth plan for Tees Valley  Screen industries growth plan; content covered in TVCA baseline,,,,,SUPPORTING,,NOT_ASSESSED,,,,,,,1.3-candidate,G2-BATCH-C
SRC-G2-038,P46,TVCA Capital Investment Leverage Framework,strategy,,21/10/25,Archive projects/2021 Projects/2021 TVCA/211025 TVCA Capital Investment Leverage Framework draft.docx,,,SUPPORTING,,,Capital investment leverage framework for TVCA creative sector  Capital investment leverage framework; content covered in TVCA baseline,,,,,SUPPORTING,,NOT_ASSESSED,,,,,,,1.3-candidate,G2-BATCH-C
SRC-G2-039,P47,WMGC Tech and Creative Pitch Books (multiple versions),deliverable,,20/04,Archive projects/2021 Projects/2021 WMGC Pitch Books/Reporting/WMGCDigital&CreativeVs2a.pptx,,,SUPPORTING,,,Multiple pitch book versions for West Midlands Growth Company; tech and creative sector narratives; interview transcripts; wireframes  Multiple pitch book versions; not separately extracted,,,,extracted_text/SRC-G2-039_v1_full.txt,CANONICAL,,NOT_ASSESSED,,full,,,,,1.3-candidate,G2-BATCH-C
SRC-G2-040,P47,WMGC Pitch Book Proposal and Tender Brief,proposal,,21/02/05,Archive projects/2021 Projects/2021 WMGC Pitch Books/Proposal/Full tender brief 2020 - WMGC - 05022021.docx,,,SUPPORTING,,,Tender brief and proposal for WMGC pitch books commission  Tender brief; not separately extracted,,,,extracted_text/SRC-G2-040_v1_full.txt,SUPPORTING,,NOT_ASSESSED,,full,,,,,1.3-candidate,G2-BATCH-C
SRC-G2-041,P48,Creative Wakefield Skills Pathways Final Report,research_report,,21/07/08,Archive projects/2021 Projects/2021 Wakefield Creative Skills Development/Reporting/210708 CreativeWakefieldSkillsPathways.docx,,,COMPLETE,,,Creative skills pathways research for Wakefield Council; provision audit; provider survey; employer consultation; BRES data; Tableau; 92102 chars — substantial report,,,,extracted_text/P48-wakefield-skills_v1.txt,CANONICAL,,REVIEWED,,full,92102 chars; substantial report; full read confirmed,,Devin,26/09/12,1.3-candidate,G2-BATCH-C
SRC-G2-042,P50,UKRI Liverpool Creative and Digital Industries Briefing,briefing,,21/12/13,Archive projects/2021 Projects/2021 UKRI/211213 UKRI Liverpool visit.docx,,,COMPLETE,,,UKRI visit briefing; LCR creative/digital SWOT; Beauhurst analysis of 68 tracked companies; games/advertising/film strengths; collaborative innovation models,,,,extracted_text/P50-ukri-liverpool_v1.txt,CANONICAL,,REVIEWED,,full,,,Devin,26/09/12,1.3-candidate,G2-BATCH-C
SRC-G2-043,P50,CoSTAR Market Engagement Event Slides,presentation,,21/12,Archive projects/2021 Projects/2021 UKRI/CoSTAR Market Engagement Event Slides vLIVE.pdf,,,SUPPORTING,,,CoSTAR market engagement slides from UKRI Liverpool visit  CoSTAR market engagement slides; PDF not separately extracted,,,,,SUPPORTING,,NOT_ASSESSED,,,,,,,1.3-candidate,G2-BATCH-C
SRC-G2-044,P51,South Yorkshire ARG Evaluation Final Report,evaluation_report,,24/04/05,Archive projects/2022 Projects/2022 SYMCA ARG Evaluation/2022 SYMCA ARG report/240405 South Yorkshire ARG evaluation final report.docx,,,COMPLETE,,,ARG evaluation for SYMCA; Mayors Fund; Barnsley/Doncaster; impact framework; Companies House summary; 35300 chars,,,,extracted_text/P51-symca-arg-final_v1.txt,CANONICAL,,REVIEWED,,full,35300 chars; full read confirmed,,Devin,26/09/12,1.3-candidate,G2-BATCH-C
SRC-G2-045,P51,SYMCA Impact Framework Summary,framework,,22/10/19,Archive projects/2022 Projects/2022 SYMCA ARG Evaluation/Impact Framework/221019 SYMCA impact framework summary.docx,,,SUPPORTING,,,Impact framework for SYMCA ARG evaluation  Impact framework summary; content covered in ARG evaluation,,,,,SUPPORTING,,NOT_ASSESSED,,,,,,,1.3-candidate,G2-BATCH-C
SRC-G2-046,P52,Somerset Cultural Strategy Final,strategy,,23/01/24,Archive projects/2022 Projects/2022 Somerset Cultural Strategy/2022 Somerset reporting/230124 Somerset Cultural Strategy final.docx,,,COMPLETE,,,Cultural strategy for Somerset; CCI and skills mapping; baseline; World Cafes; EDI; creative districts; 79542 chars — substantial,,,,extracted_text/P52-somerset-strategy_v1.txt,CANONICAL,,REVIEWED,,full,79542 chars; substantial report; full read confirmed,,Devin,26/09/12,1.3-candidate,G2-BATCH-C
SRC-G2-047,P52,Somerset Cultural Strategy Baseline Final,baseline_report,,23/02/07,Archive projects/2022 Projects/2022 Somerset Cultural Strategy/2022 Somerset Baselines/230207 Somerset Cultural Strategy baseline FINAL.docx,,,SUPPORTING,,,Baseline report for Somerset cultural strategy  Somerset baseline report; content covered in strategy,,,,,SUPPORTING,,NOT_ASSESSED,,,,,,,1.3-candidate,G2-BATCH-C
SRC-G2-048,P52,Somerset Area Skills Analysis,research_report,,23/01/03,Archive projects/2022 Projects/2022 Somerset Cultural Strategy/2022 Somerset reporting/230103 SOMERSET AREA SKILLS ANALYSIS FINAL.docx,,,SUPPORTING,,,Skills analysis for Somerset cultural sector  Somerset skills analysis; content covered in strategy,,,,,SUPPORTING,,NOT_ASSESSED,,,,,,,1.3-candidate,G2-BATCH-C
SRC-G2-049,P54,Manchester Place Partnership Proposal,proposal,,22/07/08,Archive projects/2022 Projects/2022 Manchester Place Partnership Project/220708 TheFifthSector_ManchesterPlacePartnership_proposal.docx,,,COMPLETE,,,Proposal for Manchester Place Partnership EOI; £14980 fee; 220 hours; stakeholder engagement; World Cafe; skills mapping; 59799 chars,,,,extracted_text/P54-mcr-place-proposal_v1.txt,CANONICAL,,REVIEWED,,full,59799 chars; full read confirmed,,Devin,26/09/12,1.3-candidate,G2-BATCH-C
SRC-G2-050,P54,Manchester Place Partnership Workshop Notes,workshop_notes,,22/10/06,Archive projects/2022 Projects/2022 Manchester Place Partnership Project/221006 Manchester Place Partnership workshop.docx,,,COMPLETE,,,Workshop notes from Manchester Place Partnership session,,,,extracted_text/P54-mcr-place-workshop_v1.txt,SUPPORTING,,REVIEWED,,full,783 bytes; workshop notes; minimal content,,Devin,26/09/12,1.3-candidate,G2-BATCH-C
SRC-G2-051,P57,Rushmoor Cultural Strategy and Compact Baseline v2,baseline_report,,21/12,Archive projects/2022 Projects/2022 Rushmoor/2112 Rushmoor Creative Economy Baseline v2.docx,,,COMPLETE,,,CCI baseline for Rushmoor; creative workforce; productivity; computer games; film/TV; music; COVID impact; 125065 chars — substantial,,,,extracted_text/P57-rushmoor-baseline_v1.txt,CANONICAL,,REVIEWED,,full,125065 chars; substantial report; full read confirmed,,Devin,26/09/12,1.3-candidate,G2-BATCH-C
SRC-G2-052,P57,Rushmoor Stakeholder Interviews Synthesis,research_report,,22/01/19,Archive projects/2022 Projects/2022 Rushmoor/220119 Rushmoor Stakeholder Interviews Synthesis Edited.docx,,,COMPLETE,,,Stakeholder interview synthesis for Rushmoor cultural strategy,,,,extracted_text/P57-rushmoor-stakeholder_v1.txt,SUPPORTING,,REVIEWED,,full,,,Devin,26/09/12,1.3-candidate,G2-BATCH-C
SRC-G2-053,P57,Rushmoor Strategy and Compact Final,strategy,,22/02/22,Archive projects/2022 Projects/2022 Rushmoor/220222 Rushmoor Strategy and Compact.docx,,,COMPLETE,,,Final strategy and compact document for Rushmoor,,,,extracted_text/P57-rushmoor-strategy_v1.txt,SUPPORTING,,REVIEWED,,full,1925 bytes; short strategy document,,Devin,26/09/12,1.3-candidate,G2-BATCH-C
SRC-G2-054,P58,Plymouth NMP Case Study Codex,research_report,,23/05/12,Archive projects/2022 Projects/2022 Plymouth National Marine Park/230512 NMP case study codex.docx,,,COMPLETE,,,Case study codex for Plymouth National Marine Park digital exemplars,,,,extracted_text/P58-plymouth-nmp-codex_v1.txt,CANONICAL,,REVIEWED,,full,3735 bytes; case study codex; full read confirmed,,Devin,26/09/12,1.3-candidate,G2-BATCH-C
SRC-G2-055,P58,Plymouth NMP Digital Procurement Spec,specification,,22/09/15,Archive projects/2022 Projects/2022 Plymouth National Marine Park/220915 NMP Digital Procurement Spec FINAL FINAL DRAFT.docx,,,SUPPORTING,,,Digital procurement specification for NMP  NMP digital procurement spec; not separately extracted,,,,,SUPPORTING,,NOT_ASSESSED,,,,,,,1.3-candidate,G2-BATCH-C
SRC-G2-056,P58,Plymouth NMP Digital Strategy,strategy,,22/01,Archive projects/2022 Projects/2022 Plymouth National Marine Park/Digital Strategy.pdf,,,COMPLETE,,,Digital strategy for Plymouth National Marine Park,,,,extracted_text/P58-plymouth-nmp-digital-strategy_v1.txt,SUPPORTING,,REVIEWED,,,2334 chars; short digital strategy with diagram-like content; PyPDF2 extraction successful after re-attempt; previously flagged as BINARY,,Devin,26/09/12,1.3-candidate,G2-BATCH-C
SRC-G2-057,P61,Leicester CCI Strategy Final Report,strategy,,24/04/15,Archive projects/2023 Projects/2023 Leicester/2022 Leicester reporting/2023 Leicester Final report/240415 Leicester CCI final report.docx,,,COMPLETE,,,Leicester CCI strategy; interim summary 23/06; final report 24/04; 17875 chars; compact; data; literature review; benchmarking; engagement,,,,extracted_text/P61-leicester-final_v1.txt,CANONICAL,,REVIEWED,,full,17875 chars; full read confirmed,,Devin,26/09/12,1.3-candidate,G2-BATCH-C
SRC-G2-058,P61,Leicester CCI Strategy Web Published Version,strategy,,23/06,Archive projects/2023 Projects/2023 Leicester/2022 Leicester reporting/8015-lcc-cultural-and-creative-industry-strategy_web-1.pdf,,,SUPPORTING,,,Published web version of Leicester CCI strategy  Web published version; content covered in final report,,,,extracted_text/SRC-G2-058_v1_full.txt,SUPPORTING,,NOT_ASSESSED,,full,,,,,1.3-candidate,G2-BATCH-C
SRC-G2-059,P62,TRP Education and Learning Findings Report,research_report,,23/11/08,Archive projects/2023 Projects/2023 Theatre Royal Plymouth/2023 TRP Reporting/231108 TRP Fifth Sector Final Report v3.docx,,,COMPLETE,,,Findings report for TRP Education and Learning; interviews with staff/partners/stakeholders; five key opportunities; 61434 chars — substantial,,,,extracted_text/P62-trp-final_v1.txt,CANONICAL,,REVIEWED,,full,61434 chars; substantial report; full read confirmed,,Devin,26/09/12,1.3-candidate,G2-BATCH-C
SRC-G2-060,P62,TRP Project Inception,inception,,23/07/19,Archive projects/2023 Projects/2023 Theatre Royal Plymouth/230719 TRP project inception.docx,,,SUPPORTING,,,Project inception document for TRP engagement  TRP project inception; content covered in final report,,,,,SUPPORTING,,NOT_ASSESSED,,,,,,,1.3-candidate,G2-BATCH-C
SRC-G2-061,P63,UoL Heritage CPD Scoping Proposal,proposal,,23/03/14,Archive projects/2023 Projects/2023 University of Liverpool Heritage CPD/Proposal/230314_UoL_HSS_TheFifthSector_proposal.docx,,,COMPLETE,,,Proposal for Heritage CPD scoping exercise for University of Liverpool; future direction and viability; 13470 chars,,,,extracted_text/P63-uol-heritage-proposal_v1.txt,CANONICAL,,REVIEWED,,full,13470 chars; full read confirmed,,Devin,26/09/12,1.3-candidate,G2-BATCH-C
SRC-G2-062,P63,UoL Heritage CPD Research Summary Presentation,presentation,,23/08,Archive projects/2023 Projects/2023 University of Liverpool Heritage CPD/2023 UoL Reporting/231116 University of Liverpool Heritage CPD.docx,,,SUPPORTING,,,Research summary presentation from UoL Heritage CPD project  PPT presentation; not separately extracted,,,,extracted_text/SRC-G2-062_v1_full.txt,SUPPORTING,,NOT_ASSESSED,,full,,,,,1.3-candidate,G2-BATCH-C
SRC-G2-063,P64,Wakefield Our Year 2024 Draft Impact Framework,framework,,22/10/17,Archive projects/2023 Projects/2023 Wakefield Our Year 2024 BCJ/BCJ/221017 YoC2024 Draft Impact Framework.docx,,,COMPLETE,,,Draft impact framework for Wakefield Our Year 2024 BCJ programme; 6803 chars,,,,extracted_text/P64-wakefield-oy-impact_v1.txt,CANONICAL,,REVIEWED,,full,6803 chars; draft impact framework; full read confirmed,,Devin,26/09/12,1.3-candidate,G2-BATCH-C
SRC-G2-064,P64,Wakefield Our Year 2024 Logic Chain,framework,,22/12/07,Archive projects/2023 Projects/2023 Wakefield Our Year 2024 BCJ/BCJ/221207 Our Year logic chain.pptx,,,SUPPORTING,,,Logic chain presentation for Our Year 2024 programme  PPT logic chain; not separately extracted,,,,extracted_text/SRC-G2-064_v1_full.txt,SUPPORTING,,NOT_ASSESSED,,full,,,,,1.3-candidate,G2-BATCH-C
SRC-G2-065,P68,WYCA Creative Business Support Proposal,proposal,,24/02/02,Archive projects/2024 Projects/2024 WYCA WY Create/240202 WYCA Proposal _Creative Business Support,,,COMPLETE,,,Proposal for WYCA creative business support programme; YCMIH network; freelance framework; Phase 1 and Phase 2,,,Archive projects/2024 Projects/2024 WYCA WY Create/240202 WYCA Proposal _Creative Business Support/240128 WYCA CCI outline draft proposal.docx,extracted_text/P68-wyca-proposal_v1.txt,CANONICAL,,REVIEWED,,,9854 chars; 84 paragraphs; full read confirmed; previously empty extraction now resolved,,Devin,26/09/12,1.3-candidate,G2-BATCH-C
SRC-G2-066,P68,WYCA WYCreate Monitoring and Reporting,report,,24/07/10,Archive projects/2024 Projects/2024 WYCA WY Create/2024 WYCA CCI Project Management/240710 WYCreate monitoring draft.docx,,,SUPPORTING,,,Monitoring draft for WYCreate project  WYCA monitoring draft; not separately extracted,,,,extracted_text/SRC-G2-066_v1_full.txt,SUPPORTING,,NOT_ASSESSED,,full,,,,,1.3-candidate,G2-BATCH-C
SRC-G2-067,P69,Our Year Wakefield District 2024 Evaluation Report FINAL,evaluation_report,,25/11/19,Archive projects/2024 Projects/2024 Wakefield Our Year 24/251119 Our Year report FINAL.docx,,,COMPLETE,,,Evaluation of Wakefield Our Year 2024 programme; cultural democracy at scale; community wellbeing; creative skills; visitor economy; climate emergency; 160024 chars — very substantial,,,,extracted_text/P69-wakefield-oy-final_v1.txt,CANONICAL,,REVIEWED,,full,160024 chars; very substantial report; full read confirmed,,Devin,26/09/12,1.3-candidate,G2-BATCH-C
SRC-G2-068,P69,Wakefield Business Residencies Evaluation Report,evaluation_report,,24/01,Archive projects/2024 Projects/2024 Wakefield Our Year 24/Wakefield Business Residencies Evaluation Report - EXTERNAL.pdf,,,SUPPORTING,,,External evaluation of business residencies programme  External evaluation PDF; not separately extracted,,,,,SUPPORTING,,NOT_ASSESSED,,,,,,,1.3-candidate,G2-BATCH-C
SRC-G2-069,P70,Wakefield Skills Needs Assessment Interim Report,research_report,,24/12/02,Archive projects/2024 Projects/2024 Wakefield Skills Needs Assessment/241202 Wakefield Skills Assessment interim report.docx,,,COMPLETE,,,Interim report on Wakefield creative skills needs; five key areas of need; provision audit; Xcellerator Programme; film/TV sector; games; 36254 chars,,,,extracted_text/P70-wakefield-skills-interim_v1.txt,CANONICAL,,REVIEWED,,full,36254 chars; interim report; full read confirmed,,Devin,26/09/12,1.3-candidate,G2-BATCH-C
SRC-G2-070,P70,Wakefield Creative Skills Needs Assessment Framework and Timetable,framework,,24/09/01,Archive projects/2024 Projects/2024 Wakefield Skills Needs Assessment/240901 Wakefield Creative Skills Needs Assessment  Framework and Timetable.docx,,,SUPPORTING,,,Framework and timetable for Wakefield CCI skills needs assessment  Skills assessment framework; content covered in interim report,,,,extracted_text/SRC-G2-070_v1_full.txt,SUPPORTING,,NOT_ASSESSED,,full,,,,,1.3-candidate,G2-BATCH-C
SRC-G2-071,P84,Herefordshire Cultural Strategy Consultancy Proposal,proposal,,24/01,Archive projects/2024 Projects/2024 Herefordshire strategy/2024 Herefordshire strategy proposal/TheFifthSector_Cultural Strategy Consultancy Support.docx,,,COMPLETE,,,"Proposal for Herefordshire Cultural Strategy consultancy; references Rushmoor, Derby, Somerset experience; rural cultural development; 22878 chars; separate from P30-HEREFORD",,,,extracted_text/P84-herefordshire-proposal_v1.txt,CANONICAL,,REVIEWED,,full,22878 chars; full read confirmed; separate from P30-HEREFORD,,Devin,26/09/12,1.3-candidate,G2-BATCH-C
SRC-G2-072,P84,Herefordshire Cultural Strategy Reporting,strategy,,25/05,Archive projects/2024 Projects/2024 Herefordshire strategy/2025 Herefordshire Reporting/250513 Herefordshire Cultural Strategy 2025_2030 FINAL v1.0.docx,,,SUPPORTING,,,Reporting folder for Herefordshire cultural strategy  Reporting folder; not separately extracted,,,,extracted_text/SRC-G2-072_v1_full.txt,SUPPORTING,,NOT_ASSESSED,,full,,,,,1.3-candidate,G2-BATCH-C
SRC-G2-073,P73,City St George Performing Arts Value Chain Analysis,research_report,,25/05/14,Archive projects/2025 Projects/2025 City St George's SCCI/250514 Value Chain Analysis of City St George Performing Arts.docx,,,COMPLETE,,,Value chain analysis and strategic development framework for City St George performing arts; 16183 chars,,,,extracted_text/P73-city-stg-scci-value-chain_v1.txt,CANONICAL,,REVIEWED,,full,16183 chars; full read confirmed,,Devin,26/09/12,1.3-candidate,G2-BATCH-C
SRC-G2-074,P75,True North: Future Landscapes - AHRC Creative Cluster Application (APP114872),grant_application,,26/07/16,Archive projects/Google project folders/2026/2026 Lancaster True North CICP2 bid/TRUENORTH_160726l.pdf,,,COMPLETE,,,CORRECTED 26/09/12: Original .eml was misfiled Liverpool MusicFutures email; actual Lancaster AHRC CIC document is True North AHRC Creative Cluster Application (APP114872) for CICP2; 60 pages; Fifth Sector is WP6 M&E partner; mentions Foresight data platform; Nature-Culture Tech Creative Cluster summary report; AHRC CIC; remittance advice; 11MB eml — needs extraction,,,Archive projects/Google project folders/2026/2026 Lancaster True North CICP2 bid/TRUENORTH_160726l.pdf,extracted_text/P75-lancaster-ahrc-cic_v1.txt,CANONICAL,Actual Lancaster AHRC CIC application; original .eml was misfiled; corrected 26/09/12,REVIEWED,,,115276 chars; 60 pages; full read confirmed; AHRC CICP2 bid application; Fifth Sector is WP6 M&E partner; original .eml was misfiled Liverpool MusicFutures email; corrected to actual True North application,,Devin,26/09/12,1.3-candidate,G2-BATCH-C
SRC-G2-075,P76,Resilient Cave Worlds Horizon Bid Final Draft,proposal,,25/09/09,Archive projects/2025 Projects/2025 Lancaster Uni Horizon bid/250909 Resilient Cave Worlds final draft.docx,,,COMPLETE,,,EU Horizon bid; Virtual Agora; Virtual Cave; VRC consortium; 30928 chars; bid status unknown,,,,extracted_text/P76-lancaster-horizon_v1.txt,CANONICAL,,REVIEWED,,full,30928 chars; EU Horizon bid; full read confirmed; bid status unknown,,Devin,26/09/12,1.3-candidate,G2-BATCH-C
SRC-G2-076,P76,Virtual Agora Proposal,proposal,,25/07/29,Archive projects/2025 Projects/2025 Lancaster Uni Horizon bid/250729 Virtual Agora proposal.docx,,,SUPPORTING,,,Virtual Agora proposal for Horizon bid  Virtual Agora proposal; content covered in Horizon bid,,,,extracted_text/SRC-G2-076_v1_full.txt,SUPPORTING,,NOT_ASSESSED,,full,,,,,1.3-candidate,G2-BATCH-C
SRC-G2-077,P78,Updated Beatles Impact Study,research_report,,26/04,Active projects/2026 Beatles/Updated Beatles Impact Study .docx,,,COMPLETE,,,Updated Beatles economic impact study; original 2016 report found £81.9m turnover and 2335 jobs in 2014; WORK IN PROGRESS; 4409 chars,,,,extracted_text/P78-beatles-impact_v1.txt,CANONICAL,,REVIEWED,,full,4409 chars; WORK IN PROGRESS; full read confirmed,,Devin,26/09/12,1.3-candidate,G2-BATCH-C
SRC-G2-078,P78,Beatles Visitor Impact Proposal,proposal,,26/04/14,Active projects/2026 Beatles/260414 Beatles visitor impact proposal_TheFifthSector.docx,,,SUPPORTING,,,Proposal for c£10k Beatles Legacy Group commission to update 2016 economic impact report  Beatles visitor impact proposal; content covered in impact study,,,,extracted_text/SRC-G2-078_v1_full.txt,SUPPORTING,,NOT_ASSESSED,,full,,,,,1.3-candidate,G2-BATCH-C
SRC-G2-079,P79,CELL Business Case Update,business_case,,26/03/15,Active projects/2026 CELL/260315 CELL Business Case update.docx,,,COMPLETE,,,CELL business case update; supply chain analysis; 74000 LinkedIn profiles; 32000 creative/production roles; WORK IN PROGRESS; 21606 chars,,,,extracted_text/P79-cell-buscase_v1.txt,CANONICAL,,REVIEWED,,full,21606 chars; WORK IN PROGRESS; full read confirmed,,Devin,26/09/12,1.3-candidate,G2-BATCH-C
SRC-G2-080,P80,Southampton Forward Strategic Review Proposal,proposal,,26/05,Active projects/2026 Southampton Forward/Southampton Forward — Strategic Review Proposal (The Fifth Sector).docx,,,COMPLETE,,,Strategic review of culture in Southampton; £25k budget; Southampton Forward legacy; WORK IN PROGRESS; 18758 chars,,,,extracted_text/P80-southampton-forward_v1.txt,CANONICAL,,REVIEWED,,full,18758 chars; WORK IN PROGRESS; full read confirmed,,Devin,26/09/12,1.3-candidate,G2-BATCH-C
SRC-G2-081,P81,WB6 Creative Economy Pulse Proof of Concept,research_report,,26/01,Active projects/2026 WB6 Creative Economy Pulse/WB6 Creative Economy Pulse PoC.docx,,,COMPLETE,,,WB6 Creative Economy Pulse proof of concept; LinkedIn penetration; three-layer dashboard; WORK IN PROGRESS; 8382 chars,,,,extracted_text/P81-wb6-pulse-poc_v1.txt,CANONICAL,,REVIEWED,,full,8382 chars; WORK IN PROGRESS; full read confirmed,,Devin,26/09/12,1.3-candidate,G2-BATCH-C
SRC-G2-082,P81,LinkedIn Penetration WB6,research_report,,26/01,Active projects/2026 WB6 Creative Economy Pulse/LinkedIn Penetration WB6_updated.docx,,,SUPPORTING,,,LinkedIn penetration analysis for WB6 creative economy  LinkedIn penetration analysis; content covered in PoC,,,,extracted_text/SRC-G2-082_v1_full.txt,SUPPORTING,,NOT_ASSESSED,,full,,,,,1.3-candidate,G2-BATCH-C
SRC-G2-083,P82,Kotor Western Balkans Creative Economy Ministerial Meeting Summary,briefing,,25/05/28,Archive projects/2025 Projects/2025 British Council MNE NM/2025 Kotor/250528 Kotor event summary note.docx,,,COMPLETE,,,FCDO-funded Kotor ministerial meeting summary; joint declaration; British Council funding; World Bank engagement; 6066 chars; COMPLETED initial phase,,,,extracted_text/P82-kotor-summary_v1.txt,CANONICAL,,REVIEWED,,full,6066 chars; full read confirmed,,Devin,26/09/12,1.3-candidate,G2-BATCH-C
SRC-G2-084,P82,Kotor Ministerial Meeting Agenda,agenda,,25/05/27,Archive projects/2025 Projects/2025 British Council MNE NM/2025 Kotor/250527 Reimagining Growth Session Agenda v2.docx,,,SUPPORTING,,,Reimagining Growth session agenda for Kotor ministerial meeting  Kotor agenda; content covered in summary,,,,extracted_text/SRC-G2-084_v1_full.txt,SUPPORTING,,NOT_ASSESSED,,full,,,,,1.3-candidate,G2-BATCH-C
SRC-G2-085,P83,British Council Western Balkans Creative Economy Programme Summary Report,report,,25/12/10,Archive projects/2025 Projects/2025 British Council MNE NM/2025 BC MNE and NM Project management/251210 BC Western Balkans Creative Economy report.docx,,,COMPLETE,,,"Summary report Feb-25/12; Albania, North Macedonia, Montenegro, WB6; macro/meso/micro systems; 65461 chars — very substantial; PHASE_COMPLETE_AWAITING_INSTRUCTION",,,,extracted_text/P83-bc-wb-report_v1.txt,CANONICAL,,REVIEWED,,full,65461 chars; very substantial report; full read confirmed,,Devin,26/09/12,1.3-candidate,G2-BATCH-C
SRC-G2-086,P83,Montenegro Creative Sector Development OKRs 2024-2026,strategy,,24/09/18,Archive projects/2025 Projects/2025 British Council MNE NM/Montenegro 2024/Montenegro-Creative-Sector-Development-OKRs-2024-2026.pptx,,,SUPPORTING,,,Montenegro creative sector OKRs; branding roadmap; XR events; music innovators  Montenegro OKRs PPT; not separately extracted,,,,,SUPPORTING,,NOT_ASSESSED,,,,,,,1.3-candidate,G2-BATCH-C
SRC-G2-087,P83,North Macedonia CEC Models Comparative Analysis,research_report,,25/03/14,Archive projects/2025 Projects/2025 British Council MNE NM/2025 North Macedonia/250314 NMK CEC Models Comparative Analysis.docx,,,SUPPORTING,,,Comparative analysis of CEC models for North Macedonia  NM CEC comparative analysis; not separately extracted,,,,,SUPPORTING,,NOT_ASSESSED,,,,,,,1.3-candidate,G2-BATCH-C
SRC-G2-088,P83,Albania Creative Economy Framework,strategy,,25/07/14,Archive projects/2025 Projects/2025 British Council MNE NM/2025 Albania/250714 Albania Creative Economy Framework.docx,,,SUPPORTING,,,Creative economy framework for Albania; MEKI concept note  Albania creative economy framework; not separately extracted,,,,,SUPPORTING,,NOT_ASSESSED,,,,,,,1.3-candidate,G2-BATCH-C
SRC-R5-001,P87-TRUENORTH,Lancaster University remittance advice lu_8032520 (INV-1357),remittance,,26/05/08,OneDrive-TheFifthSector/Documents - The Fifth Sector/Archive projects/2025 Projects/2025 Lancaster AHRC CIC/lu_remittance_advice_8032520.pdf,,,,,,"£1,499.70 paid 26/05/08 vs INV-1357 (26/02/09) to The Fifth Sector Limited; payment evidence for Lancaster work; relationship to £10k proposal figure TBC; also filed under 2025 Lancaster Uni Horizon bid folder (P76) | REASSIGNED 26/09/12 (Iain): £1,499.70 = initial stakeholder workshop for CICP2 bid prep — True North engagement, NOT P75 Places commission. Dual-filed in AHRC CIC + Horizon folders.",,,,,,,REVIEWED,,,,,Devin,26/09/12,1.3-candidate,REVIEW-PASS
SRC-R5-002,P85-AMGEN,AMGEN CICP2 Microcluster Evidence Pack,deliverable,,26,Archive projects/Google project folders/2026/2026 University of South Wales AMGEN/Amgen_CICP2_Microcluster_Evidence_Pack.docx,,,,,,Places evidence deliverable for USW full CICP2 submission — completed work,,,,extracted_text/SRC-R5-002_v1_full.txt,,,REVIEWED,,full,,,Devin,26/09/12,1.3-candidate,B-SECTION
SRC-R5-003,P85-AMGEN,AMGEN Theory of Change - Multi-Route Analysis,method_doc,,26,Archive projects/Google project folders/2026/2026 University of South Wales AMGEN/AMGEN Theory of Change - Multi-Route Analysis.docx,,,,,,Theory of Change design for AMGEN cluster bid,,,,,,,REVIEWED,,,,,Devin,26/09/12,1.3-candidate,B-SECTION
SRC-R5-004,P85-AMGEN,USW Purchase Orders PO0127 + PO0130 and Invoice INV-1371,contract_docs,,26/06,Archive projects/Google project folders/2026/2026 University of South Wales AMGEN/,,,,,,"PO0130 dated 26/06/11 to Fifth Sector (Edward Pavilion, Albert Dock); formal paid-engagement evidence for £10k direct proposal",,,,,,,REVIEWED,,,,,Devin,26/09/12,1.3-candidate,B-SECTION
SRC-R5-005,P85-AMGEN,AMGEN CICP2 EOI and feedback,bid_docs,,26,Archive projects/Google project folders/2026/2026 University of South Wales AMGEN/,,,,,,EOI outline + EOI Feedback — initial bid shortlisted stage evidence,,,,,,,REVIEWED,,,,,Devin,26/09/12,1.3-candidate,B-SECTION
SRC-R5-006,P86-CSSAL,Creative Scotland Salaries tender brief,tender_brief,,26,Active projects/2026 Creative Scotland Salaries/2026 CSSalaries Proposal/A REVIEW OF SALARIES AND BENEFITS IN THE ARTS  SCREEN AND CREATIVE INDUSTRIES SECTORS TENDER BRIEF.docx,,,,,,ITT for salary review across arts/screen/creative sectors,,,,,,,REVIEWED,,,,,Devin,26/09/12,1.3-candidate,B-SECTION
SRC-R5-007,P86-CSSAL,Schedule 4 Technical Proposal FINAL (submitted),submission,,26,Active projects/2026 Creative Scotland Salaries/2026 CSSalaries Proposal/TheFifthSector - Schedule 4 - Technical Proposal FINAL.pdf,,,,,,Submitted technical proposal — preferred-bidder status achieved,,,,,,,REVIEWED,,,,,Devin,26/09/12,1.3-candidate,B-SECTION
SRC-R5-008,P86-CSSAL,Schedule 2 Pricing + Schedule 5 Form of Tender,submission,,26,Active projects/2026 Creative Scotland Salaries/2026 CSSalaries Proposal/,,,,,,Pricing + form of tender — submitted pack; preferred-bidder letter (email) not yet in folder,,,,,,,REVIEWED,,,,,Devin,26/09/12,1.3-candidate,B-SECTION
SRC-R5-009,P86-CSSAL,Salary Review 2026 + Benchmark Tool deliverables,deliverable,,26,Active projects/2026 Creative Scotland Salaries/2026 CSSalaries Proposal/,,,,,,Creative_Scotland_Salary_Review_2026 + Benchmark_Tool xlsx — DO NOT SEND folder holds Lightcast originals (licence caution: originals not for circulation),,,,,,,REVIEWED,,,,,Devin,26/09/12,1.3-candidate,B-SECTION
SRC-R5-010,P35-DERBYMAP,Derby Cultural Masterplan FINAL,deliverable,,22,Archive projects/2021 Projects/2021 Derby Cultural Masterplan and Compact/2021 Derby Reporting/Derby Cultural Masterplan FINAL (hi-res).pdf,,,,,,Canonical masterplan deliverable (hi-res + low-res PDFs),,,,,,,REVIEWED,,,,,Devin,26/09/12,1.3-candidate,B-SECTION
SRC-R5-011,P35-DERBYMAP,Culture Derby Manifesto v3 + Compact governance,deliverable,,22/09,Archive projects/2021 Projects/2021 Derby Cultural Masterplan and Compact/2021 Derby Reporting/,,,,,,220907 CultureDerbyMANIFESTOv3 + Derby Cultural Compact final governance_v2 — companion deliverables,,,,extracted_text/SRC-R5-011_v1_full.txt,,,REVIEWED,,full,,,Devin,26/09/12,1.3-candidate,B-SECTION
SRC-R5-012,P35-DERBYMAP,ENQ692 Fifth Sector Outcome Notification (signed),contract_docs,,21,Archive projects/2021 Projects/2021 Derby Cultural Masterplan and Compact/Proposal/ENQ692 Fifth Sector Outcome Notification_signed.docx,,,,,,Bid outcome notification — won contract evidence,,,,,,,REVIEWED,,,,,Devin,26/09/12,1.3-candidate,B-SECTION
SRC-R5-013,P86-CSSAL,Creative Scotland tender outcome letter — preferred bidder with panel scores,outcome_notification,"Kelly Neill, Creative Scotland",26/09/04,"Active projects/2026 Creative Scotland Salaries/Re_ REVIEW OF SALARIES AND BENEFITS IN THE ARTS, SCREEN AND CREATIVE INDUSTRIES SECTORS - Tender Outcome.eml",,,,,,"Preferred-bidder notification 26/09/04; standstill 10 working days ending 26/09/18; scores: Price 3.71/4 (30%), Experience 4.00/4 (25%), Methodology 4.00/4 (20%), Team 3.33/4 (15%), Added value 3.00/4 (10%); overall weighted 92.83%. Reg 32(2) Public Contracts (Scotland) Regs 2006.",,,,,,,REVIEWED,,,,,Devin,26/09/12,1.3-candidate,B-SECTION
SRC-R5-014,P76,Lancaster University PO 5002151418 — workshop + bid writing,purchase_order,,25/10/08,Archive projects/2025 Projects/2025 Lancaster Uni Horizon bid/po01a_3_4372262.pdf,,,,,,"PO £4,158.33+VAT: workshop prep £2,083.33 + bid writing assistance £2,075.00 (ref Nathan Jones). Paid engagement on P76 Horizon bid (NOT_AWARDED).",,,,,,,REVIEWED,,,,,Devin,26/09/12,1.3-candidate,B-SECTION
