evidence_id,claim_id,source_id,source_locator,extract_or_observation,supports_or_contradicts,evidence_type,limitations,reviewer,review_date,notes,original_locator,derived_locator,source_family_id,source_review_state,codebook_version,review_batch
E-R3-001,C-R3-001,SRC-R2-02,lines 27/35,£453M direct GVA and £675M total impact reported,SUPPORTS,quantitative,Modelled estimate not direct measurement,Devin,2026-09-09,May 8 report headline figures,NES Creative Industries Report lines 27-35,extracted_text/SRC-R2-02_v1_full.txt,NES-FAM,REVIEWED,1.3-candidate,R3-BATCH-A
E-R3-002,C-R3-002,SRC-R2-02,lines 27/35,10490 workers and 7715 FTE reported,SUPPORTS,quantitative,LinkedIn workforce profiling estimate,Devin,2026-09-09,May 8 report workforce figures,NES Creative Industries Report lines 27-35,extracted_text/SRC-R2-02_v1_full.txt,NES-FAM,REVIEWED,1.3-candidate,R3-BATCH-A
E-R3-003,C-R3-003,SRC-R2-01,lines 35/38,Convergence could raise impact to £1.1B,SUPPORTS,quantitative,Forecast scenario not finding,Devin,2026-09-09,Apr 20 report convergence figure,Pinning Stones convergence economy lines 35-38,extracted_text/SRC-R2-01_v1_full.txt,NES-FAM,REVIEWED,1.3-candidate,R3-BATCH-A
E-R3-004,C-R3-003,SRC-R2-02,line 27,Does not yet prove communities selling into same markets,CONTRADICTS,qualitative,Explicit caveat against convergence claim,Devin,2026-09-09,May 8 report explicit caveat,NES Creative Industries Report line 27,extracted_text/SRC-R2-02_v1_full.txt,NES-FAM,REVIEWED,1.3-candidate,R3-BATCH-A
E-R3-005,C-R3-004,SRC-R2-01,Part Nine/Part Ten,Five growth strategies and five strategic recommendations,SUPPORTS,qualitative,Recommendations proposed not implemented,Devin,2026-09-09,Apr 20 report recommendations,Pinning Stones convergence economy Part Nine/Part Ten,extracted_text/SRC-R2-01_v1_full.txt,NES-FAM,REVIEWED,1.3-candidate,R3-BATCH-A
E-R3-006,C-R3-005,SRC-R2-03,entire transcript,Company data analysis and SIC code analysis discussed,SUPPORTS,qualitative,Planning transcript not delivery record,Devin,2026-09-09,FGTG update transcript,FG2G Update entire transcript,extracted_text/SRC-R2-03_v1_full.txt,FGTG-FAM,REVIEWED,1.3-candidate,R3-BATCH-A
E-R3-007,C-R3-006,SRC-R3-01,entire report,Workshop delivered with outcomes recorded,SUPPORTS,qualitative,Workshop report confirms delivery,Devin,2026-09-09,FGTG workshop report,From Good to Great workshop report entire,extracted_text/SRC-R3-01_v1_full.txt,FGTG-FAM,REVIEWED,1.3-candidate,R3-BATCH-A
E-R3-008,C-R3-007,SRC-R3-01,lines 11-14,Networking impact reported by participants,SUPPORTS,qualitative,Participant self-report,Devin,2026-09-09,FGTG workshop report networking,From Good to Great workshop report lines 11-14,extracted_text/SRC-R3-01_v1_full.txt,FGTG-FAM,REVIEWED,1.3-candidate,R3-BATCH-A
E-R3-009,C-R3-008,SRC-R3-02,entire document,Options for devolved approach proposed,SUPPORTS,qualitative,Proposed not implemented,Devin,2026-09-09,FGTG options document,GMCA FGTG options entire,extracted_text/SRC-R3-02_v1_full.txt,FGTG-FAM,REVIEWED,1.3-candidate,R3-BATCH-A
E-R3-010,C-R3-009,SRC-R2-04,lines 37-39,3847 immersive job postings 46% increase,SUPPORTS,quantitative,Lightcast job posting data,Devin,2026-09-09,MITIH report job postings,MITIH Createch Ecosystem Report lines 37-39,extracted_text/SRC-R2-04_v1_full.txt,MITIH-FAM,REVIEWED,1.3-candidate,R3-BATCH-A
E-R3-011,C-R3-010,SRC-R2-04,lines 51-59,Employer demand shift from technical to collaborative,SUPPORTS,quantitative,Lightcast trend analysis,Devin,2026-09-09,MITIH report skills trends,MITIH Createch Ecosystem Report lines 51-59,extracted_text/SRC-R2-04_v1_full.txt,MITIH-FAM,REVIEWED,1.3-candidate,R3-BATCH-A
E-R3-012,C-R3-011,SRC-R2-04,lines 87-96,SNA identifies microbusinesses as bridging organisations,SUPPORTS,qualitative,SNA maps existing structure,Devin,2026-09-09,MITIH report section 4,MITIH Createch Ecosystem Report lines 87-96,extracted_text/SRC-R2-04_v1_full.txt,MITIH-FAM,REVIEWED,1.3-candidate,R3-BATCH-A
E-R3-013,C-R3-012,SRC-R2-04,line 90,One microbusiness enabled three-way immersive prototype,SUPPORTS,qualitative,Single reported instance,Devin,2026-09-09,MITIH report line 90,MITIH Createch Ecosystem Report line 90,extracted_text/SRC-R2-04_v1_full.txt,MITIH-FAM,REVIEWED,1.3-candidate,R3-BATCH-A
E-R3-014,C-R3-013,SRC-R2-04,lines 129-151,Gated investment sequence proposed,SUPPORTS,qualitative,Proposed not implemented,Devin,2026-09-09,MITIH report appendix,MITIH Createch Ecosystem Report lines 129-151,extracted_text/SRC-R2-04_v1_full.txt,MITIH-FAM,REVIEWED,1.3-candidate,R3-BATCH-A
E-R3-015,C-R3-014,SRC-R2-05,executive summary,GBSLEP creative economy mapped,SUPPORTS,qualitative,BOP prime Bennett associate,Devin,2026-09-09,GBSLEP report exec summary,GBSLEP Creative Economy report exec summary,extracted_text/SRC-R2-05_v1_full.txt,GBSLEP-FAM,REVIEWED,1.3-candidate,R3-BATCH-B
E-R3-016,C-R3-015,SRC-R2-05,executive summary,GVA and employment measured,SUPPORTS,quantitative,BOP prime Bennett associate,Devin,2026-09-09,GBSLEP report GVA,GBSLEP Creative Economy report exec summary,extracted_text/SRC-R2-05_v1_full.txt,GBSLEP-FAM,REVIEWED,1.3-candidate,R3-BATCH-B
E-R3-017,C-R3-016,SRC-R2-05,cluster analysis section,Cluster analysis identifies creative clusters,SUPPORTS,qualitative,BOP prime Bennett associate,Devin,2026-09-09,GBSLEP report cluster analysis,GBSLEP Creative Economy report cluster analysis,extracted_text/SRC-R2-05_v1_full.txt,GBSLEP-FAM,REVIEWED,1.3-candidate,R3-BATCH-B
E-R3-018,C-R3-017,SRC-R2-05,intermediaries subsections,Intermediaries and knowledge transfer mapped,SUPPORTS,qualitative,BOP prime Bennett associate,Devin,2026-09-09,GBSLEP report intermediaries,GBSLEP Creative Economy report intermediaries,extracted_text/SRC-R2-05_v1_full.txt,GBSLEP-FAM,REVIEWED,1.3-candidate,R3-BATCH-B
E-R3-019,C-R3-018,SRC-R2-06,cover and methodology,WMCA creative businesses mapped,SUPPORTS,qualitative,BOP prime Fifth Sector subcontractor,Devin,2026-09-09,WMCA report cover and methodology,WMCA Creative Business scale-up final report cover,extracted_text/SRC-R2-06_v1_full.txt,WMCA-FAM,REVIEWED,1.3-candidate,R3-BATCH-B
E-R3-020,C-R3-019,SRC-R2-06,supply chain section,Supply chain groupings identified,SUPPORTS,qualitative,BOP prime Fifth Sector subcontractor,Devin,2026-09-09,WMCA report supply chain,WMCA Creative Business scale-up final report supply chain,extracted_text/SRC-R2-06_v1_full.txt,WMCA-FAM,REVIEWED,1.3-candidate,R3-BATCH-B
E-R3-021,C-R3-020,SRC-R2-07,cover and strategic fit,Case for Support delivered,SUPPORTS,qualitative,Bid-support commission delivered,Devin,2026-09-09,CoSTAR case for support,CoSTAR Case ad Delivery cover and strategic fit,extracted_text/SRC-R2-07_v1_full.txt,COSTAR-FAM,REVIEWED,1.3-candidate,R3-BATCH-B
E-R3-022,C-R3-021,SRC-R2-07,entire document,Bid NOT successful - confirmed by Iain,SUPPORTS,qualitative,Programme outcome confirmed by Iain not source document,Devin,2026-09-09,CoSTAR bid outcome,CoSTAR Case ad Delivery entire,extracted_text/SRC-R2-07_v1_full.txt,COSTAR-FAM,REVIEWED,1.3-candidate,R3-BATCH-B
E-R3-023,C-R3-022,SRC-R2-08,entire inception note,Creative City+ SIPF application proposed,SUPPORTS,qualitative,Application NOT successful; inception only,Devin,2026-09-09,Creative City inception,Creative City project inception entire,extracted_text/SRC-R2-08_v1_full.txt,CC-FAM,REVIEWED,1.3-candidate,R3-BATCH-C
E-R3-024,C-R3-023,SRC-R2-09B,full report,LCR digital and creative cluster mapped,SUPPORTS,qualitative,Final report accepted by client,Devin,2026-09-09,LIVDCI final report,LiverpoolCityRegion DigitalCreative final full report,extracted_text/SRC-R2-09B_v1_full.txt,LIVDCI-FAM,REVIEWED,1.3-candidate,R3-BATCH-C
E-R3-025,C-R3-024,SRC-R2-09B,supply chain section,Supply chain relationships documented,SUPPORTS,qualitative,Contextual finding,Devin,2026-09-09,LIVDCI supply chain,LiverpoolCityRegion DigitalCreative final supply chain,extracted_text/SRC-R2-09B_v1_full.txt,LIVDCI-FAM,REVIEWED,1.3-candidate,R3-BATCH-C
E-R3-026,C-R3-025,SRC-R2-09B,skills section,Skills gaps and workforce needs identified,SUPPORTS,qualitative,Contextual finding,Devin,2026-09-09,LIVDCI skills,LiverpoolCityRegion DigitalCreative final skills,extracted_text/SRC-R2-09B_v1_full.txt,LIVDCI-FAM,REVIEWED,1.3-candidate,R3-BATCH-C
E-R3-027,C-R3-026,SRC-R2-09,experience and methodology sections,Proposal designed with methodology and experience,SUPPORTS,qualitative,Proposal distinct from final report,Devin,2026-09-09,LIVDCI proposal,LCR DCI Cluster mapping proposal experience and methodology,extracted_text/SRC-R2-09_v1_full.txt,LIVDCI-FAM,REVIEWED,1.3-candidate,R3-BATCH-C
E-R3-028,C-R3-027,SRC-R2-10,introduction and convergence,ICT-creative convergence documented as existing trend,SUPPORTS,qualitative,Contextual finding not hypothesis,Devin,2026-09-09,CDEC challenges paper,CDEC challenges paper introduction and convergence,extracted_text/SRC-R2-10_v1_full.txt,CDEC-FAM,REVIEWED,1.3-candidate,R3-BATCH-C
E-R3-029,C-R3-028,SRC-R2-10,recommendations,Cross-sector mechanism proposed,SUPPORTS,qualitative,Proposed not implemented,Devin,2026-09-09,CDEC challenges paper recommendations,CDEC challenges paper recommendations,extracted_text/SRC-R2-10_v1_full.txt,CDEC-FAM,REVIEWED,1.3-candidate,R3-BATCH-C
E-R3-030,C-R3-029,SRC-R2-11,exec summary,Three-cycle mapping with expanding scope,SUPPORTS,qualitative,Method evolution across three cycles,Devin,2026-09-09,Kirklees 2024 report exec summary,Kirklees Creative Economy 2024 final exec summary,extracted_text/SRC-R2-11_v1_full.txt,KIRK-FAM,REVIEWED,1.3-candidate,R3-BATCH-D
E-R3-031,C-R3-030,SRC-R2-11,full report,2024 report expanded data coverage,SUPPORTS,qualitative,19 tables vs 8 in 2022,Devin,2026-09-09,Kirklees 2024 report,Kirklees Creative Economy 2024 final full report,extracted_text/SRC-R2-11_v1_full.txt,KIRK-FAM,REVIEWED,1.3-candidate,R3-BATCH-D
E-R3-032,C-R3-031,SRC-R2-11,exec summary and methodology,2026 report shifted to economic impact,SUPPORTS,qualitative,Title shift to economic impact,Devin,2026-09-09,Kirklees 2024 report exec summary,Kirklees Creative Economy 2024 final exec summary and methodology,extracted_text/SRC-R2-11_v1_full.txt,KIRK-FAM,REVIEWED,1.3-candidate,R3-BATCH-D
E-R3-033,C-R3-032,SRC-R2-11,exec summary,£250.9m GVA figure,SUPPORTS,quantitative,Modelled estimate not direct measurement,Devin,2026-09-09,Kirklees 2024 report GVA,Kirklees Creative Economy 2024 final exec summary,extracted_text/SRC-R2-11_v1_full.txt,KIRK-FAM,REVIEWED,1.3-candidate,R3-BATCH-D
E-R3-034,C-R3-033,SRC-R2-11,exec summary,Measurement creates visibility for policy,SUPPORTS,qualitative,Hypothetical; requires evidence of policy use,Devin,2026-09-09,Kirklees 2024 report GVA,Kirklees Creative Economy 2024 final exec summary,extracted_text/SRC-R2-11_v1_full.txt,KIRK-FAM,REVIEWED,1.3-candidate,R3-BATCH-D
E-R3-035,C-R3-034,SRC-R2-11,voluntary arts section,Voluntary arts sector mapped,SUPPORTS,qualitative,Methodological innovation,Devin,2026-09-09,Kirklees 2024 report voluntary arts,Kirklees Creative Economy 2024 final voluntary arts,extracted_text/SRC-R2-11_v1_full.txt,KIRK-FAM,REVIEWED,1.3-candidate,R3-BATCH-D
E-R3-036,C-R3-035,SRC-R2-11,full report,2026 structured audit workflow applied,SUPPORTS,qualitative,Workflow shift from DOCX-only to Markdown + audits,Devin,2026-09-09,Kirklees 2024 report,Kirklees Creative Economy 2024 final full report,extracted_text/SRC-R2-11_v1_full.txt,KIRK-FAM,REVIEWED,1.3-candidate,R3-BATCH-D
E-R3-037,C-R3-036,SRC-R3-04,entire RFQ,Derby Culture Strategic Review RFQ issued,SUPPORTS,qualitative,Buyer-issued RFQ,Devin,2026-09-09,Derby RFQ,ENQ1304 RFQ entire,extracted_text/SRC-R3-04_v1_full.txt,DERBY-FAM,REVIEWED,1.3-candidate,R3-T05
E-R3-038,C-R3-037,SRC-R3-05,entire response,Fifth Sector submitted £40K bid,SUPPORTS,qualitative,Bid submitted but unsuccessful,Devin,2026-09-09,Derby response,Derby ENQ1304 Response v3 entire,extracted_text/SRC-R3-05_v1_full.txt,DERBY-FAM,REVIEWED,1.3-candidate,R3-T05
E-R3-039,C-R3-038,SRC-R3-05,lines 12-13,Fifth Sector authored 2021 Masterplan,SUPPORTS,qualitative,Prior work documented in response,Devin,2026-09-09,Derby response prior work,Derby ENQ1304 Response v3 lines 12-13,extracted_text/SRC-R3-05_v1_full.txt,DERBY-FAM,REVIEWED,1.3-candidate,R3-T05
E-G2-001,C-G2-001,SRC-G2-002,lines 409/410,"Fashion contributes over £1.4 billion in GVA and 36000 jobs to the economy of East London and the Upper Lea Valley",SUPPORTS,quantitative,Modelled estimate from BRES and ABS data not direct measurement,Devin,2026-09-09,Main report section 3.1 baseline findings,ELFC Report DIGITAL lines 409-410,extracted_text/SRC-G2-002_v1_full.txt,ELFC-FAM,REVIEWED,1.3-candidate,G2-BATCH-A
E-G2-002,C-G2-001,SRC-G2-003,table 3,"GVA 2015: Total £1417m; Employment 2015: 36200",SUPPORTS,quantitative,Summary report table 3 confirms main report figures,Devin,2026-09-09,Summary report table 3,ELFC Summary Report table 3,extracted_text/SRC-G2-003_v1_full.txt,ELFC-FAM,REVIEWED,1.3-candidate,G2-BATCH-A
E-G2-003,C-G2-002,SRC-G2-002,lines 426/429,"GVA from fashion grew by 57% between 2010 and 2015 against 29% for London; 36200 people in 12000 businesses increase of 10900 jobs and 1800 companies",SUPPORTS,quantitative,BRES time series comparison,Devin,2026-09-09,Main report section 3.1 strengths,ELFC Report DIGITAL lines 426-429,extracted_text/SRC-G2-002_v1_full.txt,ELFC-FAM,REVIEWED,1.3-candidate,G2-BATCH-A
E-G2-004,C-G2-002,SRC-G2-003,table 3,"Manufacturing GVA change 2010-2015: 125%; Manufacturing employment change: 97%",SUPPORTS,quantitative,Summary report table 3 confirms manufacturing growth,Devin,2026-09-09,Summary report table 3 manufacturing row,ELFC Summary Report table 3,extracted_text/SRC-G2-003_v1_full.txt,ELFC-FAM,REVIEWED,1.3-candidate,G2-BATCH-A
E-G2-005,C-G2-003,SRC-G2-002,lines 932/933,"Physical clustering of design production and other service providers acts as an amplifier for the signals from the market and helps all members of the cluster become more productive competitive and creative",SUPPORTS,qualitative,Theoretical assertion not measured outcome,Devin,2026-09-09,Main report section 3.6 scenario planning,ELFC Report DIGITAL lines 932-933,extracted_text/SRC-G2-002_v1_full.txt,ELFC-FAM,REVIEWED,1.3-candidate,G2-BATCH-A
E-G2-006,C-G2-004,SRC-G2-002,lines 34/35,"Bringing together fashion and technology sectors will stimulate a pull through of innovations in digital manufacturing that will have wider applications in other sectors",SUPPORTS,qualitative,Proposed spillover not measured,Devin,2026-09-09,Main report executive summary,ELFC Report DIGITAL lines 34-35,extracted_text/SRC-G2-002_v1_full.txt,ELFC-FAM,REVIEWED,1.3-candidate,G2-BATCH-A
E-G2-007,C-G2-005,SRC-G2-002,lines 1052/1068,"Four stage process: pre-launch to April 2018; launch April 2018; LCF relocation 2021/22; evaluation after 3 years",SUPPORTS,qualitative,Proposed sequence not implemented,Devin,2026-09-09,Main report section 4.3 next steps,ELFC Report DIGITAL lines 1052-1068,extracted_text/SRC-G2-002_v1_full.txt,ELFC-FAM,REVIEWED,1.3-candidate,G2-BATCH-A
E-G2-008,C-G2-005,SRC-G2-005,lines 1/7,"Action plan with 4 interventions: ELFC SPV; Skills Framework; Workspace Alliance; London Fashion Fund; Fashion Tech R&D Showcase",SUPPORTS,qualitative,Proposed interventions not implemented,Devin,2026-09-09,Action plan full document,ELFC Action Plan lines 1-7,extracted_text/SRC-G2-005_v1_full.txt,ELFC-FAM,REVIEWED,1.3-candidate,G2-BATCH-A
E-G2-009,C-G2-006,SRC-G2-002,lines 997/998,"ELFC will be a beacon project for the development of the Thames Estuary Production Corridor",SUPPORTS,qualitative,Proposed visibility role not exercised,Devin,2026-09-09,Main report section 4.1 ELFC catalysing wider development,ELFC Report DIGITAL lines 997-998,extracted_text/SRC-G2-002_v1_full.txt,ELFC-FAM,REVIEWED,1.3-candidate,G2-BATCH-A
E-G2-010,C-G2-006,SRC-G2-002,lines 1073/1083,"National sector plan with hub and spoke approach; ELFC working with clusters across Midlands North and Scotland",SUPPORTS,qualitative,Proposed national plan not adopted,Devin,2026-09-09,Main report section 4.3 spreading benefits across UK,ELFC Report DIGITAL lines 1073-1083,extracted_text/SRC-G2-002_v1_full.txt,ELFC-FAM,REVIEWED,1.3-candidate,G2-BATCH-A
E-G2-011,C-G2-007,SRC-G2-002,table 2,"Hackney LQ 9.46 in 2014 up from 7.03 in 2009; East London Total LQ 2.11 up from 1.15",SUPPORTS,quantitative,BRES-based LQ calculation,Devin,2026-09-09,Main report table 2 location quotients,ELFC Report DIGITAL table 2,extracted_text/SRC-G2-002_v1_full.txt,ELFC-FAM,REVIEWED,1.3-candidate,G2-BATCH-A
E-G2-012,C-G2-007,SRC-G2-003,table 4,"Hackney LQ 9.46; East London Total LQ 2.11",SUPPORTS,quantitative,Summary report confirms main report LQ figures,Devin,2026-09-09,Summary report table 4,ELFC Summary Report table 4,extracted_text/SRC-G2-003_v1_full.txt,ELFC-FAM,REVIEWED,1.3-candidate,G2-BATCH-A
E-G2-013,C-G2-008,SRC-G2-004,lines 49/53,"Whether clustering or agglomeration is used as theoretical basis for intervention there ideally needs to be evidence to show: spillover effects/externalities from co-location in the fashion sector",SUPPORTS,qualitative,GLA Economics note identifies spillover evidence as critical need,Devin,2026-09-09,GLA Economics note section on cluster theory,ELFC case for intervention lines 49-53,extracted_text/SRC-G2-004_v1_full.txt,ELFC-FAM,REVIEWED,1.3-candidate,G2-BATCH-A
E-G2-014,C-G2-008,SRC-G2-004,lines 76/77,"It is difficult to make an economic case for public intervention to support a fashion cluster in East London",SUPPORTS,qualitative,GLA Economics concludes intervention case is difficult without spillover evidence,Devin,2026-09-09,GLA Economics concluding remarks,ELFC case for intervention lines 76-77,extracted_text/SRC-G2-004_v1_full.txt,ELFC-FAM,REVIEWED,1.3-candidate,G2-BATCH-A
E-G2-015,C-G2-009,SRC-G2-001,sheet 1,"Creative Industries employment 3360; Creative Economy employment 5020",SUPPORTS,quantitative,BRES data and BOP analysis,Devin,2026-09-09,Kirklees 2015 Results sheet 1 Trident,Kirklees 2015 Results sheet 1,extracted_text/SRC-G2-001_v1_full.txt,KIRK15-FAM,REVIEWED,1.3-candidate,G2-BATCH-A
E-G2-016,C-G2-010,SRC-G2-001,sheet 6,"Total GVA £100979000; IT/software £63935000 (63%)",SUPPORTS,quantitative,ONS and BOP analysis,Devin,2026-09-09,Kirklees 2015 Results sheet 6 GVA,Kirklees 2015 Results sheet 6,extracted_text/SRC-G2-001_v1_full.txt,KIRK15-FAM,REVIEWED,1.3-candidate,G2-BATCH-A
E-G2-017,C-G2-011,SRC-G2-006,lines 14/15,"Most of the projects were at too early a stage of development to register clear economic impacts; but that we were able to observe a range of transformations from spin-out activity to increasing engagement of researchers in entrepreneurial activity",SUPPORTS,qualitative,Evaluation finding not measured outcome,Devin,2026-09-09,CWL Final evaluation report summary,CWL Final lines 14-15,extracted_text/SRC-G2-006_v1_full.txt,CWL-FAM,REVIEWED,1.3-candidate,G2-BATCH-A
E-G2-018,C-G2-012,SRC-G2-006,lines 82/82,"There was clear evidence that the absorptive capacity of the SME in respect of innovation in its products and services was increased by engagement with a process of collaborative knowledge exchange",SUPPORTS,qualitative,Observed but commercial returns not established,Devin,2026-09-09,CWL Final evaluation findings,CWL Final line 82,extracted_text/SRC-G2-006_v1_full.txt,CWL-FAM,REVIEWED,1.3-candidate,G2-BATCH-A
E-G2-019,C-G2-013,SRC-G2-006,lines 22/22,"Importantly we address the difficulty of establishing a counterfactual case for the effectiveness of arts and humanities research practice and collaboration in defining the outcomes of creative innovation",SUPPORTS,qualitative,Methodological observation,Devin,2026-09-09,CWL Final evaluation methodology,CWL Final line 22,extracted_text/SRC-G2-006_v1_full.txt,CWL-FAM,REVIEWED,1.3-candidate,G2-BATCH-A
E-G2-020,C-G2-014,SRC-G2-006,lines 156/165,"Other industries including healthcare logistics finance are making increasing use of sophisticated business applications of digital media... These are all tools developed in the first instance by the creative sector that are now finding a wider audience",SUPPORTS,qualitative,Observed phenomenon not measured outcome,Devin,2026-09-09,CWL Final evaluation wider impacts,CWL Final lines 156-165,extracted_text/SRC-G2-006_v1_full.txt,CWL-FAM,REVIEWED,1.3-candidate,G2-BATCH-A
E-G2-021,C-G2-015,SRC-G2-007,lines 326/329,"The immersive content sector in the UK is still small - around 500 active companies. London is home to a large proportion of these",SUPPORTS,quantitative,AI-powered mapping estimate; 500 companies figure from main report,Devin,2026-09-09,Digital Catapult report mapping section,DCAT Report lines 326-329,extracted_text/SRC-G2-007_v1_full.txt,DCAT-FAM,REVIEWED,1.3-candidate,G2-BATCH-A
E-G2-021a,C-G2-015,SRC-G2-008,line 55,"London is home to over 200 of these (see Immersive Count by Functional Urban Areas in main report)",SUPPORTS,quantitative,London over 200 figure from technical report,Devin,2026-09-09,Digital Catapult technical report mapping,DCAT Technical Report line 55,extracted_text/SRC-G2-008_v1_full.txt,DCAT-FAM,REVIEWED,1.3-candidate,G2-BATCH-A
E-G2-022,C-G2-016,SRC-G2-007,lines 420/424,"Clustering is an important factor in improving productivity through sharing of knowledge tools skills and access to markets",SUPPORTS,qualitative,Cluster theory assertion,Devin,2026-09-09,Digital Catapult report clusters section,DCAT Report lines 420-424,extracted_text/SRC-G2-007_v1_full.txt,DCAT-FAM,REVIEWED,1.3-candidate,G2-BATCH-A
E-G2-023,C-G2-016,SRC-G2-008,lines 88/89,"This qualitative approach allowed us to investigate what kinds of positive externalities may exist in collaborative research and development and commercial transactions in these clusters and whether these spillovers help lower barriers",SUPPORTS,qualitative,Explicit spillover investigation,Devin,2026-09-09,Technical report methodology,DCAT Technical Report lines 88-89,extracted_text/SRC-G2-008_v1_full.txt,DCAT-FAM,REVIEWED,1.3-candidate,G2-BATCH-A
E-G2-024,C-G2-017,SRC-G2-007,lines 76/82,"Immersive technology offers new value to a whole range of sectors by recombining and providing interfaces for and between other key enabling technologies: cyber security data the internet of things satellite earth observation electronics sensors and photonics robotics and autonomous systems",SUPPORTS,qualitative,Cross-sector enabling technology hypothesis,Devin,2026-09-09,Digital Catapult report introduction,DCAT Report lines 76-82,extracted_text/SRC-G2-007_v1_full.txt,DCAT-FAM,REVIEWED,1.3-candidate,G2-BATCH-A
E-G2-025,C-G2-018,SRC-G2-007,lines 916/946,"HVMC differs from the other geographically-based cluster case studies in that it is looking to define a national network... The HVMC network supports SMEs and large enterprises by providing access to immersive tech kit for tasting and testing",SUPPORTS,qualitative,Case study evidence,Devin,2026-09-09,Digital Catapult report HVMC case study,DCAT Report lines 916-946,extracted_text/SRC-G2-007_v1_full.txt,DCAT-FAM,REVIEWED,1.3-candidate,G2-BATCH-A
E-G2-026,C-G2-019,SRC-G2-010,lines 46/46,"The core music sector generates over £100m in turnover each year and employs 2330 people",SUPPORTS,quantitative,Bespoke methodology combining multiple data sources; NOTE: executive summary states 2330 but detailed breakdown at line 174 totals 2360 — internal source inconsistency,Devin,2026-09-09,Liverpool strategy executive summary,Liverpool Strategy line 46,extracted_text/SRC-G2-010_v1_full.txt,LIVMUS-FAM,REVIEWED,1.3-candidate,G2-BATCH-A
E-G2-027,C-G2-019,SRC-G2-010,lines 155/157,"We have arrived at an estimate of £100.5 million for the direct annual turnover of the core music industry in Liverpool",SUPPORTS,quantitative,Methodology detailed in Annex 1,Devin,2026-09-09,Liverpool strategy wider economic impacts,Liverpool Strategy lines 155-157,extracted_text/SRC-G2-010_v1_full.txt,LIVMUS-FAM,REVIEWED,1.3-candidate,G2-BATCH-A
E-G2-028,C-G2-020,SRC-G2-010,lines 49/49,"The Beatles legacy underpins an additional £98m per annum from the music visitor economy - and the number of visitors attending Beatles attractions has grown year on year for a decade",SUPPORTS,quantitative,UK Music and IPM data,Devin,2026-09-09,Liverpool strategy executive summary,Liverpool Strategy line 49,extracted_text/SRC-G2-010_v1_full.txt,LIVMUS-FAM,REVIEWED,1.3-candidate,G2-BATCH-A
E-G2-029,C-G2-020,SRC-G2-010,lines 150/152,"UK Music estimates that direct music tourism spending in Liverpool City Region amounts to £98 million per annum... IPM reported that the turnover of Beatles attractions within this was £10.2m",SUPPORTS,quantitative,UK Music and IPM research,Devin,2026-09-09,Liverpool strategy heritage section,Liverpool Strategy lines 150-152,extracted_text/SRC-G2-010_v1_full.txt,LIVMUS-FAM,REVIEWED,1.3-candidate,G2-BATCH-A
E-G2-030,C-G2-021,SRC-G2-010,lines 224/225,"In production services Adlib based at Speke is a major employer and a recognised centre of excellence for music production services covering sound lighting staging and video. Its scale and range of competencies mean it has significant markets in other sectors including conferences theatre and other non-music related events",SUPPORTS,qualitative,Consultation and survey evidence,Devin,2026-09-09,Liverpool strategy distinctive elements,Liverpool Strategy lines 224-225,extracted_text/SRC-G2-010_v1_full.txt,LIVMUS-FAM,REVIEWED,1.3-candidate,G2-BATCH-A
E-G2-031,C-G2-022,SRC-G2-010,lines 62/63,"We recommend that Culture Liverpool take a lead in helping to establish an industry-led structure - the Liverpool City of Music Board - to set strategy and advise and scrutinise quality and coordination of interventions",SUPPORTS,qualitative,Proposed governance structure,Devin,2026-09-09,Liverpool strategy strategic recommendations,Liverpool Strategy lines 62-63,extracted_text/SRC-G2-010_v1_full.txt,LIVMUS-FAM,REVIEWED,1.3-candidate,G2-BATCH-A
E-G2-032,C-G2-023,SRC-G2-010,lines 411/411,"The growth of Adlib presents an opportunity for the city and other music organisations to invest together in the development of a new Production Park possibly collocated with the Liverpool Film Studios to form the basis of a second private-sector led National College of the Creative Industries",SUPPORTS,qualitative,Proposed capital project,Devin,2026-09-09,Liverpool strategy capital projects,Liverpool Strategy line 411,extracted_text/SRC-G2-010_v1_full.txt,LIVMUS-FAM,REVIEWED,1.3-candidate,G2-BATCH-A
E-G2-033,C-G2-024,SRC-G2-011,lines 1-84,Evaluation approach designed with mixed-methods contribution analysis CBA DiD and LinkedIn/Meetup network mapping,SUPPORTS,qualitative,Approach design not outcome report,Iain contributed mapping and methodology via BOP; marginal claim,CICP approach document,extracted_text/SRC-G2-011_v1_full.txt,CICP-FAM,1.3-candidate,G2-BATCH-B,,,
E-G2-034,C-G2-025,SRC-G2-012,line 12,Creative industries employment 58840 in 2018 net increase of 14420 jobs growth of 32% between 2015 and 2018,SUPPORTS,quantitative,BRES baseline measurement not intervention effect,Employment growth from BRES time series,Leeds City Region Creative Scale Up line 12,extracted_text/SRC-G2-012_v1_full.txt,LCRCSU-FAM,1.3-candidate,G2-BATCH-B,,,
E-G2-035,C-G2-026,SRC-G2-012,lines 57/104-109,Increasing importance of creative content and digital technology in other industries including smart cities energy health fintech manufacturing,SUPPORTS,qualitative,Interpretation from strategy documents not measured outcome,Cross-sector spillover forecast from bid evidence,Leeds City Region Creative Scale Up lines 57/104-109,extracted_text/SRC-G2-012_v1_full.txt,LCRCSU-FAM,1.3-candidate,G2-BATCH-B,,,
E-G2-036,C-G2-027,SRC-G2-013,lines 539/542,Active Lives Survey: arts participation 27.3% vs 34.6% national; arts attendance 42.9% vs 52.2%,SUPPORTS,quantitative,Participation baseline from national survey,Fifth Sector contributed mapping data; Magna Vitae authored,NELC Phase 1 Report lines 539-542,extracted_text/SRC-G2-013_v1_full.txt,GRIMSBY-FAM,1.3-candidate,G2-BATCH-B,,,
E-G2-037,C-G2-028,SRC-G2-014,lines 721-724,Total organisations 169; total companies 126 of which 114 LCR-based; total assets 37; investors 6,SUPPORTS,quantitative,AI web search and LinkedIn mapping,Baseline mapping of LCR immersive ecosystem,LCR Immersive report lines 721-724,extracted_text/SRC-G2-014_v1_full.txt,LCRIMM-FAM,1.3-candidate,G2-BATCH-B,,,
E-G2-038,C-G2-029,SRC-G2-014,lines 461-473/1430-1543,Immersive technologies applied across 25+ non-creative sectors; case studies: Draw and Code Kinicho VEC/Bentley Aardman,SUPPORTS,qualitative,Case studies show applications but not systematic measurement,Cross-sector product spillover case studies,LCR Immersive report lines 461-473/1430-1543,extracted_text/SRC-G2-014_v1_full.txt,LCRIMM-FAM,1.3-candidate,G2-BATCH-B,,,
E-G2-039,C-G2-030,SRC-G2-014,lines 191-204/853-881,Supply-chain relationships map across digital/creative manufacturing health logistics; large end-users include Alstom Cammell Laird JLR,SUPPORTS,qualitative,Network mapping not causal claim,Network spillover from mapping and survey,LCR Immersive report lines 191-204/853-881,extracted_text/SRC-G2-014_v1_full.txt,LCRIMM-FAM,1.3-candidate,G2-BATCH-B,,,
E-G2-040,C-G2-031,SRC-G2-014,lines 2057-2064/2176-2186,Multiple gated investment options proposed: Institute of Creative Technology demonstrator facilities large-scale XR venue,SUPPORTS,qualitative,Design propositions not implemented,Strategic options for Growth Platform,LCR Immersive report lines 2057-2064,extracted_text/SRC-G2-014_v1_full.txt,LCRIMM-FAM,1.3-candidate,G2-BATCH-B,,,
E-G2-041,C-G2-032,SRC-G2-015,line 54,South Yorkshire creative industries: over 4000 companies and workforce of over 31000 people vs official 2895 businesses and 13500 employees,SUPPORTS,quantitative,BRES undercounts freelancers; LinkedIn captures additional workforce,Baseline mapping from multiple data sources,SYMCA CCI 2021 line 54,extracted_text/SRC-G2-015_v1_full.txt,SYMCA21-FAM,1.3-candidate,G2-BATCH-B,,,
E-G2-042,C-G2-033,SRC-G2-015,lines 190-195,Only 4.8% file full accounts; <2% (101) accessed R&D grants; 36 equity investments; 8 spinouts; 6 scale-ups,SUPPORTS,quantitative,Beauhurst and Companies House analysis,Creative growth paradox finding,SYMCA CCI 2021 lines 190-195,extracted_text/SRC-G2-015_v1_full.txt,SYMCA21-FAM,1.3-candidate,G2-BATCH-B,,,
E-G2-043,C-G2-034,SRC-G2-015,lines 292-293,South Yorkshire has been free riding on Screen Yorkshire for inward investment talent and crew services,SUPPORTS,qualitative,Network dependency finding,Free-riding on Screen Yorkshire,SYMCA CCI 2021 lines 292-293,extracted_text/SRC-G2-015_v1_full.txt,SYMCA21-FAM,1.3-candidate,G2-BATCH-B,,,
E-G2-044,C-G2-035,SRC-G2-016,lines 129/134-135/203/214,REF 2021 ranked second for art and design research power; 70% world-leading English research impact; 85% of outputs receive no citations; research excellence largely unknown to external stakeholders,SUPPORTS,qualitative,Internal excellence vs external awareness gap,Stakeholder interviews and desk research,MMU CCI report lines 129/134-135/203/214,extracted_text/SRC-G2-016_v1_full.txt,MMUCCI-FAM,1.3-candidate,G2-BATCH-B,,,
E-G2-045,C-G2-036,SRC-G2-016,lines 102-106/229-240,MMU weakly connected to Manchester business networks (IOD Manchester Digital Pro Manchester); BBC/Creative UK relationship transactional,SUPPORTS,qualitative,Stakeholder interview findings,Network gap findings from interviews,MMU CCI report lines 102-106/229-240,extracted_text/SRC-G2-016_v1_full.txt,MMUCCI-FAM,1.3-candidate,G2-BATCH-B,,,
E-G2-046,C-G2-037,SRC-G2-017,lines 60/66,£12.08m LCR spend from £1.788m invested ratio £6.76 per £1 invested,SUPPORTS,quantitative,LFO management data; documented output,Leverage ratio from LFO financial data,LCR Film Fund evaluation lines 60/66,extracted_text/SRC-G2-017_v1_full.txt,LCRFILM-FAM,1.3-candidate,G2-BATCH-B,,,
E-G2-047,C-G2-038,SRC-G2-017,lines 234-241,Indirect FTE jobs: 455 delivered vs 280 target; average cost per indirect FTE job £3930 vs £6900 business case,SUPPORTS,quantitative,Documented output data from LFO,Indirect FTE jobs from monitoring data,LCR Film Fund evaluation Table 1 lines 234-241,extracted_text/SRC-G2-017_v1_full.txt,LCRFILM-FAM,1.3-candidate,G2-BATCH-B,,,
E-G2-048,C-G2-039,SRC-G2-017,lines 258-261,Development Fund: £173604 deployed vs £250000 target; 17 LCR companies vs 12 target; 43 LCR jobs vs 30 target,SUPPORTS,quantitative,Documented output data from LFO,Development Fund outputs from monitoring,LCR Film Fund evaluation lines 258-261,extracted_text/SRC-G2-017_v1_full.txt,LCRFILM-FAM,1.3-candidate,G2-BATCH-B,,,
E-G2-049,C-G2-040,SRC-G2-017,lines 76/61,LFO moved from provider to partner by drawing in Fund Advisor external assessors/panel and broadcaster partners; training places for 29 LCR individuals,SUPPORTS,qualitative,Knowledge spillover from partnership model,LFO partnership evolution,LCR Film Fund evaluation lines 61/76,extracted_text/SRC-G2-017_v1_full.txt,LCRFILM-FAM,1.3-candidate,G2-BATCH-B,,,
E-G2-050,C-G2-041,SRC-G2-017,lines 138-140,Pipeline: >£6m capital demand to leverage ~£35m LCR spend; 7 seeded by Development Fund; indigenous 7.8:1 vs incoming 3.7:1,SUPPORTS,quantitative,Pipeline forecasts not realised outcomes,Development Fund seed capital option,LCR Film Fund evaluation lines 138-140,extracted_text/SRC-G2-017_v1_full.txt,LCRFILM-FAM,1.3-candidate,G2-BATCH-B,,,
E-G2-051,C-G2-042,SRC-G2-018,lines 73/89-93/97-124,Staged start-up: 2 FTE roles at inception with scope to add grant/equity once demand proven; Liverpool comparator cost-neutral 2 FTE £100k budget,SUPPORTS,qualitative,Design proposition not implemented,Feasibility study design,Derby feasibility study lines 73/89-93/97-124,extracted_text/SRC-G2-018_v1_full.txt,DERBY-FAM,1.3-candidate,G2-BATCH-B,,,
E-G2-052,C-G2-043,SRC-G2-019,lines 56/149-156,Culture and creative industries worth up to £2bn in GVA; if as productive as national average would exceed £1bn; if South East nearly £1.4bn,SUPPORTS,quantitative,Modelled estimate using generic ONS productivity index,GVA estimate from DCMS and ONS data,SYMCA CGP final lines 56/149-156,extracted_text/SRC-G2-019_v1_full.txt,SYMCACGP-FAM,1.3-candidate,G2-BATCH-B,,,
E-G2-053,C-G2-044,SRC-G2-019,line 148,Every 1 FTE directly employed supports total footprint of 2.46 FTE (0.62 indirect + 0.84 induced),SUPPORTS,quantitative,DCMS modelling; contextual not intervention effect,Multiplier from DCMS modelling,SYMCA CGP final line 148,extracted_text/SRC-G2-019_v1_full.txt,SYMCACGP-FAM,1.3-candidate,G2-BATCH-B,,,
E-G2-054,C-G2-045,SRC-G2-019,lines 224/259/263,1013 creative courses across region and wider TTWA; 24 providers 331 courses in SYMCA; only 5 creative apprenticeships,SUPPORTS,quantitative,Course/qualification audit,Skills mapping from course audit,SYMCA CGP final lines 224/259/263,extracted_text/SRC-G2-019_v1_full.txt,SYMCACGP-FAM,1.3-candidate,G2-BATCH-B,,,
E-G2-055,C-G2-046,SRC-G2-019,lines 59-62,Time-limited policy windows: ACE Priority Places (Barnsley Rotherham) DCMS Levelling Up for Culture NP11,SUPPORTS,qualitative,Strategic option proposition,Policy windows from consultation,SYMCA CGP final lines 59-62,extracted_text/SRC-G2-019_v1_full.txt,SYMCACGP-FAM,1.3-candidate,G2-BATCH-B,,,
E-G2-056,C-G2-047,SRC-G2-020,lines 144/149/166,Creative economy: 4500 businesses and 36000 jobs (6% of workforce); 980 new formations since April 2021,SUPPORTS,quantitative,IDBR April 2021 and Beauhurst analysis,Baseline from IDBR and Beauhurst,Lancashire CGP lines 144/149/166,extracted_text/SRC-G2-020_v1_full.txt,LANCGP-FAM,1.3-candidate,G2-BATCH-B,,,
E-G2-057,C-G2-048,SRC-G2-020,lines 455-458,Pennine Originals will focus on technical textiles homewares and high-quality printed goods with spillovers into aerospace and automotive,SUPPORTS,qualitative,Design proposition in grant application not outcome,Product spillover from bid design,Lancashire CGP lines 455-458,extracted_text/SRC-G2-020_v1_full.txt,LANCGP-FAM,1.3-candidate,G2-BATCH-B,,,
E-G2-058,C-G2-049,SRC-G2-021,lines 91/166/186/214,10225 creative companies and 54428 workforce vs official 7470 businesses and 23690 employees; BRES 2021 22325,SUPPORTS,quantitative,LinkedIn not directly comparable to BRES,Baseline from BRES LinkedIn and Beauhurst,WSBH strategy lines 91/166/186/214,extracted_text/SRC-G2-021_v1_full.txt,WSBH-FAM,1.3-candidate,G2-BATCH-B,,,
E-G2-059,C-G2-050,SRC-G2-021,lines 339-340,Createch strengths in immersive/VR/AR/XR and Virtual Production being adopted across film TV games animation and live experiences,SUPPORTS,qualitative,Documented observation from mapping,Product spillover from Createch adoption,WSBH strategy lines 339-340,extracted_text/SRC-G2-021_v1_full.txt,WSBH-FAM,1.3-candidate,G2-BATCH-B,,,
E-G2-060,C-G2-051,SRC-G2-021,line 261,Creative Assembly and Red River act as anchor investors supporting supply chain of smaller digital creative businesses and contractors,SUPPORTS,qualitative,Network spillover from mapping and consultation,Anchor firm network effects,WSBH strategy line 261,extracted_text/SRC-G2-021_v1_full.txt,WSBH-FAM,1.3-candidate,G2-BATCH-B,,,
E-G2-061,C-G2-052,SRC-G2-022,lines 77/324/379,CDF programme: £4.38m grant; £22.03m total value; £13.64m public capital; £6.06m private leveraged,SUPPORTS,quantitative,Documented financial data,Financial data from Council records,Wakefield CDF evaluation lines 77/324/379,extracted_text/SRC-G2-022_v1_full.txt,WAKECDF-FAM,1.3-candidate,G2-BATCH-B,,,
E-G2-062,C-G2-053,SRC-G2-022,lines 343-356,CCI employment 2210 to 2910 (+32%); GVA £52.8m to £94.2m (+79%); music/performing +194%; arts output £4.6m to £32.8m (+600%),SUPPORTS,quantitative,Modelled estimates not causal attribution; report uses correlates with language,Employment and GVA from ONS BRES and DCMS,Wakefield CDF evaluation lines 343-356,extracted_text/SRC-G2-022_v1_full.txt,WAKECDF-FAM,1.3-candidate,G2-BATCH-B,,,
E-G2-063,C-G2-054,SRC-G2-022,lines 299/451/548/566,Creative Wakefield network grew from 150 (Apr 2020) to 837 (Oct 2024) +458%; website visits 58428 to 124527,SUPPORTS,quantitative,Documented membership data,Network growth from membership data,Wakefield CDF evaluation lines 299/451/548/566,extracted_text/SRC-G2-022_v1_full.txt,WAKECDF-FAM,1.3-candidate,G2-BATCH-B,,,
E-G2-064,C-G2-055,SRC-G2-022,lines 756-759,XPLOR supported 10 enterprises to introduce new-to-market products and 20 to introduce new-to-firm products,SUPPORTS,quantitative,Documented monitoring data with specific companies listed,Product spillover from XPLOR monitoring,Wakefield CDF evaluation Table 13 lines 756-759,extracted_text/SRC-G2-022_v1_full.txt,WAKECDF-FAM,1.3-candidate,G2-BATCH-B,,,
E-G2-065,C-G2-056,SRC-G2-022,lines 84/89/151/231-240,CDF catalysed strategic alliance between Council and Production Park instrumental in securing CoSTAR; 4Wall and Tait established UK HQs,SUPPORTS,qualitative,Attribution based on interview testimony not counterfactual,Network spillover from testimony,Wakefield CDF evaluation lines 84/89/151/231-240,extracted_text/SRC-G2-022_v1_full.txt,WAKECDF-FAM,1.3-candidate,G2-BATCH-B,,,
E-G2-066,C-G2-057,SRC-G2-022,line 270,Creative Leadership programme: 15 participants from 11 sub-sectors resulting in 12 new and ongoing cross-sector collaborations,SUPPORTS,quantitative,Documented programme monitoring,Knowledge spillover from programme data,Wakefield CDF evaluation line 270,extracted_text/SRC-G2-022_v1_full.txt,WAKECDF-FAM,1.3-candidate,G2-BATCH-B,,,
E-G2-067,C-G2-058,SRC-G2-022,lines 96/339/563/773,INTERNAL INCONSISTENCY: 120 FTE in executive summary (lines 96 563) vs 160 FTE in main body Table 14 (lines 339 773),SUPPORTS,qualitative,Internal source inconsistency flagged,Source inconsistency documented,Wakefield CDF evaluation lines 96/339/563/773,extracted_text/SRC-G2-022_v1_full.txt,WAKECDF-FAM,1.3-candidate,G2-BATCH-B,,,
E-G2-068,C-G2-059,SRC-G2-023,lines 78/86/107/126,655 ONS firms (880 Beauhurst); 2360 BRES employment; 7375 LinkedIn workforce; 1620 freelance (32%),SUPPORTS,quantitative,LinkedIn not comparable to BRES; 83% report employment status,Baseline from multiple data sources,Calderdale report lines 78/86/107/126,extracted_text/SRC-G2-023_v1_full.txt,CALDER-FAM,1.3-candidate,G2-BATCH-B,,,
E-G2-069,C-G2-060,SRC-G2-023,line 190,New blended creative and digital skills in demand across health finance construction and other sectors,SUPPORTS,qualitative,Interpretation of skills-market data,Cross-sector skills demand hypothesis,Calderdale report line 190,extracted_text/SRC-G2-023_v1_full.txt,CALDER-FAM,1.3-candidate,G2-BATCH-B,,,
E-G2-070,C-G2-061,SRC-G2-023,lines 237-266,Screen Yorkshire Connected Campus links TV/film professionals production companies broadcasters and students across Yorkshire HEIs and FE colleges,SUPPORTS,qualitative,Documented network; unclear if Calderdale College joining,Network spillover from documented network,Calderdale report lines 237-266,extracted_text/SRC-G2-023_v1_full.txt,CALDER-FAM,1.3-candidate,G2-BATCH-B,,,
E-G2-071,C-G2-062,SRC-G2-024,lines 111/156,4510 active CI businesses (10.7% of 42000); 40000 CI jobs with £1.5bn GVA (Lightcast),SUPPORTS,quantitative,Beauhurst 33% higher than IDBR; freelance not accurately measured,Baseline from Beauhurst and Lightcast,Solent CGP draft lines 111/156,extracted_text/SRC-G2-024_v1_full.txt,SOLENTCGP-FAM,1.3-candidate,G2-BATCH-B,,,
E-G2-072,C-G2-063,SRC-G2-024,line 318,Createch cohort designed for IP for live events museums film/VFX virtual production and games with spillovers into maritime aerospace logistics,SUPPORTS,qualitative,Design proposition in draft application,Product spillover from bid design,Solent CGP draft line 318,extracted_text/SRC-G2-024_v1_full.txt,SOLENTCGP-FAM,1.3-candidate,G2-BATCH-B,,,
E-G2-073,C-G2-064,SRC-G2-025,lines 105-107,590 official creative businesses flat vs 2019; over 4000 LinkedIn professionals c.3x larger,SUPPORTS,quantitative,Limited data collection obscures true sector size,Baseline from ONS/DCMS and LinkedIn,Herefordshire review lines 105-107,extracted_text/SRC-G2-025_v1_full.txt,HEREFORD-FAM,1.3-candidate,G2-BATCH-B,,,
E-G2-074,C-G2-065,SRC-G2-025,line 155,Opportunity to pioneer rural creative economy models with cross-cutting skills for agritech ecotourism and wellbeing,SUPPORTS,qualitative,Strategic hypothesis not realised,Rural creative economy option,Herefordshire review line 155,extracted_text/SRC-G2-025_v1_full.txt,HEREFORD-FAM,1.3-candidate,G2-BATCH-B,,,
E-G2-075,C-G2-066,SRC-G2-026,lines 13-25,LinkedIn industry codes mapped to BRES SIC07 for West Yorkshire/Wakefield; BRES 2022 columns empty,SUPPORTS,quantitative,Data fragment only; incomplete; BRES columns empty,Data fragment from table,Production Park GVA data lines 13-25,extracted_text/SRC-G2-026_v1_full.txt,PRODPARK-FAM,1.3-candidate,G2-BATCH-B,,,
E-G2-076,C-G2-067,SRC-G2-027,lines 5/14-17,£7.2 billion annually; over 17000 companies; 115000+ workforce; 12% real growth since 2019 vs UK average 2%,SUPPORTS,quantitative,Underlying data sources not shown in text,Baseline from mapping evidence,Surrey+ strategy lines 5/14-17,extracted_text/SRC-G2-027_v1_full.txt,SURREY-FAM,1.3-candidate,G2-BATCH-B,,,
E-G2-077,C-G2-068,SRC-G2-027,lines 46-47,Farnborough aircraft hangars turned to sound stages; Sony Professional at Pinewood developing camera systems for Warner Bros/Apple F1 movie,SUPPORTS,qualitative,Documented examples of aerospace-to-screen transfer,Product spillover from documented examples,Surrey+ strategy lines 46-47,extracted_text/SRC-G2-027_v1_full.txt,SURREY-FAM,1.3-candidate,G2-BATCH-B,,,
E-G2-078,C-G2-069,SRC-G2-027,lines 149-153,£3-4m strategic investment over 3 years could catalyse 450-600 new jobs £15-20m economic value and over £30m private investment,SUPPORTS,quantitative,Modelled forecast not observed outcome,Investment forecast from modelling,Surrey+ strategy lines 149-153,extracted_text/SRC-G2-027_v1_full.txt,SURREY-FAM,1.3-candidate,G2-BATCH-B,,,
E-G2-079,C-G2-070,SRC-G2-028,lines 266/282/289/801,Direct GVA £405.9m (Integrated Case); total economic impact £779.8m (Type II multiplier 1.92); 14370 headcount 7215 FTE,SUPPORTS,quantitative,Modelled estimate; Tier 4 data quality low (50% confidence),GVA from four-tier workforce model,LCR Music report lines 266/282/289/801,extracted_text/SRC-G2-028_v1_full.txt,LCRMUS-FAM,1.3-candidate,G2-BATCH-B,,,
E-G2-080,C-G2-071,SRC-G2-028,line 88,Adlib Audio serves major touring productions festivals and corporate events across UK and internationally,SUPPORTS,qualitative,Documented business fact,Product spillover from Adlib cross-sector services,LCR Music report line 88,extracted_text/SRC-G2-028_v1_full.txt,LCRMUS-FAM,1.3-candidate,G2-BATCH-B,,,
E-G2-081,C-G2-072,SRC-G2-028,lines 311-334,SNA of 272 businesses: 12% of connections within closed triangles; only 0.6% of possible connections exist; average degree 1.67,SUPPORTS,quantitative,SNA maps existing structure; low connectivity limits spillover claims,SNA results from LinkedIn workforce movement,LCR Music report lines 311-334,extracted_text/SRC-G2-028_v1_full.txt,LCRMUS-FAM,1.3-candidate,G2-BATCH-B,,,
E-G2-082,C-G2-073,SRC-G2-028,lines 104/338/846-868,£1bn by 2035 target requires 2.5% CAGR; growth levers: IP capture £100m production export £75m formalisation £60m venues £50m music-tech £43m,SUPPORTS,quantitative,Modelled targets not realised outcomes,Growth scenarios and levers from modelling,LCR Music report lines 104/338/846-868,extracted_text/SRC-G2-028_v1_full.txt,LCRMUS-FAM,1.3-candidate,G2-BATCH-B,,,
E-G2-083,C-G2-074,SRC-G2-028,line 360,Moving 20% of artists from performance-fee-only to performance-plus-IP-ownership could shift £40-85m in captured GVA,SUPPORTS,quantitative,Modelled design proposition,IP capture option from modelling,LCR Music report line 360,extracted_text/SRC-G2-028_v1_full.txt,LCRMUS-FAM,1.3-candidate,G2-BATCH-B,,,
E-G2-084,C-G2-075,SRC-G2-029,lines 15/23/90/367,Creative Industries GVA estimated £5.25bn (reconciled); 39980 BRES employees; 80511 LinkedIn workforce; 7530 IDBR businesses,SUPPORTS,quantitative,DCMS top-down £6.9bn almost certainly overestimate; 31% IT contraction,Reconciled GVA from multiple sources,Solent Hampshire mapping lines 15/23/90/367,extracted_text/SRC-G2-029_v1_full.txt,SOLENTHANTS-FAM,1.3-candidate,G2-BATCH-B,,,
E-G2-085,C-G2-076,SRC-G2-029,line 98,Freelancers play critical role in innovation and knowledge transfer between creative firms and other sectors and between universities and cultural organisations,SUPPORTS,qualitative,Interpretation from LinkedIn analysis,Knowledge spillover interpretation from LinkedIn,Solent Hampshire mapping line 98,extracted_text/SRC-G2-029_v1_full.txt,SOLENTHANTS-FAM,1.3-candidate,G2-BATCH-B,,,
E-G2-086,C-G2-077,SRC-G2-029,lines 26/115/117,SHCA creative economy is network of interconnected specialised hubs; advertising/marketing co-located with professional services indicating B2B ecosystem,SUPPORTS,qualitative,Interpretation from HDBSCAN and LQ mapping; HDBSCAN caveat re accountants,Network spillover from spatial mapping,Solent Hampshire mapping lines 26/115/117,extracted_text/SRC-G2-029_v1_full.txt,SOLENTHANTS-FAM,1.3-candidate,G2-BATCH-B,,,
