opportunity_id,document_version,buyer,deadline,deadline_timezone,clarification_deadline,procurement_route,mandatory_requirements,commercial_constraints,budget_stated,evaluation_criteria_weights,contractual_terms,ip_data_requirements,classification_summary,uncertainties,precedent_claim_ids,bid_recommendation,rationale,blockers,assumptions,reviewer,review_date,notes,source_ids,opportunity_type,assessment_mode,as_at_date,prior_exposure,requirement_map_location,gate_profile_location,actual_outcome,outcome_source_id,feedback_status,feedback_source_ids,positioning_rationale,review_status,codebook_version,review_batch
T01-BCAT,RFP,British Council,26/09/26,Europe/London,26/09/03,FORMAL_RFP,Analytical requirements explicit; capability criteria; contract terms,Standard British Council contract terms; IP and data clauses,Not stated in RFP,Weighted criteria in RFP and clarifications,Draft agreement terms in Annex1; not executed,IP and data requirements in contract terms,FORMAL_RFP with explicit analytical requirements; contract terms standard; clarification responses received,Contract terms and mandatory capability requirements clarified; some unknowns remain,C-R3-020,BID,Commercial experience guidance applied: contract terms are standard and acceptable; capability fit established; rationale recorded; R2-O02 tested this,None at gate; contract execution requires separate approval,Commercial experience supports BID where capability/fit established,Devin,26/09/09,"R2-O02 tested contract gate; v1.2 commercial experience guidance applied; PASS | SUBMITTED 26/09/12 (Iain) — bid documents frozen; outcome pending | Drive folder: Active proposals/2026 British Council Art and Tech | PROPOSED START: Sep/Oct 2026 — PROVISIONAL, subject to contract (milestones doc assumes Sep 2026 start; 12-month programme, milestones Dec 2026-Aug 2027 per UK1412milestones). Award decision date not stated in RFP extract — pending.",SRC-R2-13;SRC-R2-14;SRC-R2-15,FORMAL_PROCUREMENT,AS_AT,26/09/09,None,extracted_text/SRC-R2-13_v1_full.txt;extracted_text/SRC-R2-14_v1_full_sheets.csv;extracted_text/SRC-R2-15_v1_full.txt,r2_neutral_packets.md,SUBMITTED_AWAITING_RESULT,UNKNOWN,UNKNOWN,,British Council Art and Tech RFP; analytical requirements align with Fifth Sector capability,REVIEWED,1.3-candidate,R3-OPPORTUNITIES
T02-QUEENSHALL,N/A,Queen's Hall (client),N/A,N/A,N/A,DIRECT_PROPOSAL,N/A,N/A,N/A,N/A,N/A,N/A,Direct proposal from client following website review; no formal tender documents,No tender documents; phone call only,None,UNKNOWN,Direct proposal; no formal procurement; record as DIRECT_PROPOSAL; requires Iain commercial review,No formal tender documents to assess,Phone call from client based on website review,Devin,26/09/09,T02 is direct proposal; no tender docs; phone call only; confirmed by Iain 26/09/09 | Drive folder: Active proposals/2026 The Queen's Hall,,DIRECT_PROPOSAL,AS_AT,26/09/09,None,,,,UNKNOWN,UNKNOWN,UNKNOWN,Direct proposal from client following website review,REVIEWED,1.3-candidate,R3-OPPORTUNITIES
T03-BLACKBURN,N/A,Blackburn with Darwen,N/A,N/A,N/A,DIRECT_PROPOSAL,N/A,N/A,N/A,N/A,N/A,N/A,Direct proposal; no formal tender documents,No tender documents,None,UNKNOWN,Direct proposal; no formal procurement; record as DIRECT_PROPOSAL; requires Iain commercial review,No formal tender documents to assess,Direct proposal confirmed by Iain 26/09/09,Devin,26/09/09,T03 is direct proposal; no tender docs; confirmed by Iain 26/09/09,,DIRECT_PROPOSAL,AS_AT,26/09/09,None,,,,UNKNOWN,UNKNOWN,UNKNOWN,Direct proposal,REVIEWED,1.3-candidate,R3-OPPORTUNITIES
T04-LCRFILM,ITQ,LCR (Liverpool City Region),26/09/26,Europe/London,N/A,FORMAL_ITQ,4-page ITQ specifies requirements adequately,Phased commission; budget across phases,£38K across all phases,Requirements specified in ITQ,Phased commission terms,IP and data requirements in ITQ,FORMAL_ITQ with phased commission; budget across all phases not Phase 1 only; requirements adequately specified,Budget interpretation: £38K across all phases with Phase 1 as portion,C-R3-005,C-R3-006,CONDITIONAL_HOLD,Phase 1 bid submitted but unsuccessful; awaiting confirmation of process to tender for remaining phases; CONDITIONAL_HOLD pending remaining phases process; Iain clarified 26/09/09,Awaiting confirmation of remaining phases tender process,Commercial experience supports PASS where requirements adequately specified,Devin,26/09/09,R2-O01 tested missing brief gate and budget interpretation; v1.2 commercial experience guidance applied; Iain clarified Phase 1 bid unsuccessful; awaiting remaining phases; updated from PASS to CONDITIONAL_HOLD,SRC-R2-12,FORMAL_PROCUREMENT,AS_AT,26/09/09,None,extracted_text/SRC-R2-12_v1_full.txt,r2_neutral_packets.md,PHASE_1_UNSUCCESSFUL,,AWAITING_REMAINING_PHASES,LCR Screen Sector Research ITQ; phased commission; Phase 1 bid unsuccessful; awaiting remaining phases,REVIEWED,1.3-candidate,R3-OPPORTUNITIES
T05-DERBY,RFQ v3,Derby City Council,26/06/30,Europe/London,26/06/22,FORMAL_RFQ_BELOW_THRESHOLD,Strategic review of cultural infrastructure governance organisational arrangements and investment model; CDP registration required; PPON and declaration mandatory,Budget max £50K ex VAT; 33% inception 33% interim 33% final; PL £5M EL statutory PI £1M; Derby City Council standard Purchase Order Conditions,£40K ex VAT (Fifth Sector bid); £50K max (buyer),1.8K word proposal; organisational experience; named team; methodology; programme; milestones,Derby City Council standard Order Form; 7 months; fixed price against agreed day allocation,CDP/PPON required; Foresight platform uses publicly available and licensed data,FORMAL_RFQ below threshold; Derby Culture Strategic Review; Fifth Sector bid £40K; 62 days; 5 strands; Foresight platform; team of 6; bid UNSUCCESSFUL,Bid unsuccessful (folder in 2026 Proposals lost); no feedback offered (below threshold); reason for loss unknown,C-R3-020,NO_BID,Bid submitted at £40K but UNSUCCESSFUL; folder in 2026 Proposals lost; below threshold so no feedback offered; reason for loss unknown; update from HOLD to NO_BID based on actual outcome,Bid unsuccessful; no feedback available,,Devin,26/09/09,T05-DERBY extracted from Archive proposals/2026 Proposals lost/2026 Derby; RFQ ENQ1304; Derby Culture Strategic Review; Fifth Sector bid £40K; 62 days; 5 strands; Foresight platform; team: Iain Bennett Jon Bains Nic Millington Lynne McCadden Charles Freeman Hannah Barker; bid UNSUCCESSFUL; below threshold no feedback; updated from HOLD to NO_BID,SRC-R3-04;SRC-R3-05;SRC-R3-06;SRC-R3-07,FORMAL_PROCUREMENT,AS_AT,26/06/29,None,extracted_text/SRC-R3-04_v1_full.txt;extracted_text/SRC-R3-05_v1_full.txt,r3_plan.md,UNSUCCESSFUL,SRC-R3-04,NO_FEEDBACK,SRC-R3-04,Derby Culture Strategic Review; Fifth Sector authored 2021 Masterplan; Foresight platform differentiator; making-and-innovation identity; South Asian community recognition; Heritage Fund partnership; bid unsuccessful,REVIEWED,1.3-candidate,R3-OPPORTUNITIES
T06-BEYOND,FOLDER_TRIAGE,AHRC (scene setter event participation),UNKNOWN,Europe/London,,EARLY_STAGE,,,,,,,Fireside outline + scene setter materials for BEYOND 2026 event; opportunity development not yet a formal bid,Early-stage opportunity development; AHRC connection evident; no formal tender documents; registered from Drive folder triage spillover-toolkit 26/09/12,,TRIAGE,Registered from Active proposals sweep; requires Iain stage confirmation before BID/NO-BID assessment,,,Devin,26/09/12,Drive folder: Active proposals/2026 BEYOND,,EARLY_STAGE,AS_AT,26/09/12,,,,UNKNOWN,UNKNOWN,UNKNOWN,,Fireside outline + scene setter materials for BEYOND 2026 event; opportunity development not yet a formal bid,REGISTERED,1.3-candidate,SWEEP-TRIAGE
T07-BTM,FOLDER_TRIAGE,UNKNOWN — pitch decks only,UNKNOWN,Europe/London,,DIRECT_PROPOSAL,,,,,,,Circuits and Places pitch decks (Fifth Sector branded); in-development proposal; buyer unclear from folder contents,Pitch materials exist; buyer and submission status not established; registered from Drive folder triage spillover-toolkit 26/09/12,,TRIAGE,Registered from Active proposals sweep; requires Iain stage confirmation before BID/NO-BID assessment,,,Devin,26/09/12,Drive folder: Active proposals/2026 Beyond The Music,,DIRECT_PROPOSAL,AS_AT,26/09/12,,,,UNKNOWN,UNKNOWN,UNKNOWN,,Circuits and Places pitch decks (Fifth Sector branded); in-development proposal; buyer unclear from folder contents,REGISTERED,1.3-candidate,SWEEP-TRIAGE
T08-BRUSSELS,FOLDER_TRIAGE,Brussels partners (NACEBEL-related),UNKNOWN,Europe/London,,CONSORTIUM_BID,,,,,,,Methodology note for Brussels partners + NACEBEL_2025 data; consortium/partnership development stage,Partnership-stage; consortium structure and buyer not established; registered from Drive folder triage spillover-toolkit 26/09/12,,TRIAGE,Registered from Active proposals sweep; requires Iain stage confirmation before BID/NO-BID assessment,,,Devin,26/09/12,Drive folder: Active proposals/2026 Brussels,,CONSORTIUM_BID,AS_AT,26/09/12,,,,UNKNOWN,UNKNOWN,UNKNOWN,,Methodology note for Brussels partners + NACEBEL_2025 data; consortium/partnership development stage,REGISTERED,1.3-candidate,SWEEP-TRIAGE
T09-CSG,FOLDER_TRIAGE,AHRC Large Grants (via City St George’s),UNKNOWN,Europe/London,,GRANT_APPLICATION,,,,,,,STRIDE/AHRC Dance Large Grant application; filename indicates application submitted to UKRI Creative cluster,Application appears SUBMITTED (filename evidence); formal confirmation needed; registered from Drive folder triage spillover-toolkit 26/09/12,,TRIAGE,Registered from Active proposals sweep; requires Iain stage confirmation before BID/NO-BID assessment,,,Devin,26/09/12,Drive folder: Active proposals/2026 City St George’s Large Grants,,GRANT_APPLICATION,AS_AT,26/09/12,,,,UNKNOWN,UNKNOWN,UNKNOWN,,STRIDE/AHRC Dance Large Grant application; filename indicates application submitted to UKRI Creative cluster,REGISTERED,1.3-candidate,SWEEP-TRIAGE
T10-MARBEL,FOLDER_TRIAGE,Belfast Culture & Animation commissioning (CAP),UNKNOWN,Europe/London,,CONSORTIUM_BID,,,,,,,"Belfast CAP partner brief: methodology, approach & costing docs, biographies; Fifth Sector as consortium partner",Partner-stage bid; consortium lead and submission status not established; registered from Drive folder triage spillover-toolkit 26/09/12,,TRIAGE,Registered from Active proposals sweep; requires Iain stage confirmation before BID/NO-BID assessment,,,Devin,26/09/12,Drive folder: Active proposals/2026 Maritime Belfast,,CONSORTIUM_BID,AS_AT,26/09/12,,,,UNKNOWN,UNKNOWN,UNKNOWN,,"Belfast CAP partner brief: methodology, approach & costing docs, biographies; Fifth Sector as consortium partner",REGISTERED,1.3-candidate,SWEEP-TRIAGE
T11-NEXTWAVE,FOLDER_TRIAGE,CIRCUIT Next Wave Breakthrough / MusicTech UK,UNKNOWN,Europe/London,,CONSORTIUM_BID,,,,,,,"Assessor scoring documents, LOI (Matt Cartmell MusicTech UK), Next Wave Breakthrough Wave 1 materials",Active bid development; application stage unclear from contents; registered from Drive folder triage spillover-toolkit 26/09/12,,TRIAGE,Registered from Active proposals sweep; requires Iain stage confirmation before BID/NO-BID assessment,,,Devin,26/09/12,Drive folder: Active proposals/2026 Next Wave,,CONSORTIUM_BID,AS_AT,26/09/12,,,,UNKNOWN,UNKNOWN,UNKNOWN,,"Assessor scoring documents, LOI (Matt Cartmell MusicTech UK), Next Wave Breakthrough Wave 1 materials",REGISTERED,1.3-candidate,SWEEP-TRIAGE
T12-PLYIMM,FOLDER_TRIAGE,TDC Explore / Devon-Cornwall,UNKNOWN,Europe/London,,EARLY_STAGE,,,,,,,TDC Explore 3D visualisation data + Plymouth curriculum foresight 2031; research/advisory support stage,Early/advisory stage; whether formal bid intended unclear; registered from Drive folder triage spillover-toolkit 26/09/12,,TRIAGE,Registered from Active proposals sweep; requires Iain stage confirmation before BID/NO-BID assessment,,,Devin,26/09/12,Drive folder: Active proposals/2026 Plymouth immersive,,EARLY_STAGE,AS_AT,26/09/12,,,,UNKNOWN,UNKNOWN,UNKNOWN,,TDC Explore 3D visualisation data + Plymouth curriculum foresight 2031; research/advisory support stage,REGISTERED,1.3-candidate,SWEEP-TRIAGE
T13-CSSAL,,Creative Scotland,26/08/24,,,Public Contracts Scotland e-tendering (open ITT),,,,Price 30% | Relevant experience and track record 25% | Proposed approach and methodology 20% | Quality of proposed team 15% | Added value and understanding 10%,,,"Salary and benefits review across arts, screen and creative sectors — national Scotland",,,,,,,Devin,26/09/12,"Panel scores 26/09/04: Price 3.71/4, Experience 4.00/4, Methodology 4.00/4, Team 3.33/4, Added value 3.00/4; weighted overall 92.83%. Standstill ended 26/09/18; contract awaited. Linked project P86-CSSAL. Score pattern: max marks on experience + methodology (evidence-led positioning); weakest on added value + team.",,,,,,,,PREFERRED_BIDDER — intent to award post-standstill,SRC-R5-013,SCORES_RECEIVED,SRC-R5-013,,REVIEWED,1.3-candidate,B-SECTION
T14-COSTARSHOW,,AHRC (Createch Futures / CoSTAR Network),26/10/29,Europe/London 16:00,,UKRI Funding Service — single-stage consortium application,,,Up to £4m FEC per Showcase Lab (80%); up to 2 labs; ≥50% third-party match required,,,,CoSTAR Showcase Labs: Createch infrastructure and commercialisation — CELL data reuse candidate (P79-CELL client consortium),,,,,,,Devin,26/09/12,"Opened 26/08/24; development surgeries w/b 26/09/28; closes 26/10/29 16:00 — HARD STOP for P79-CELL client data-presentation agreement. 3-year award from April 2027, must start by 27/05/31. Fifth Sector role: data supplier into client consortium, not lead.",,,,,,,,,,,,,REVIEWED,1.3-candidate,E-SECTION
T15-LIVDIGITAL,,Pete (Liverpool — TBC),,,,DIRECT_DISCUSSION,,,"Stage A ~£20,000 discussed; full study ~£45,000+ (context, not quoted)",,,,"Liverpool Digital Economy Cluster Mapping and Ecosystem Analysis — map businesses, capabilities, ecosystem; identify where to put effort; staged route (Stage A ~£20k exploratory → full study)",Buyer identity (Pete — TBC); full study scope and price not agreed; staged route proposed,,"PURSUE — strong fit with existing Liverpool digital/creative work (P08, P22, P33); staged approach manages risk",Liverpool digital cluster mapping builds on P08 LCR Digital/Creative (£4.0bn) and P33 LCR Music Economy (£779.8m); methodology transferable; ~£20k Stage A is exploratory threshold,,,,,SWEEP 26/09/23: working brief 260918; staged route proposed by Iain; Stage A ~£20k discussed with Pete; full study ~£45k+ context from earlier digital-and-creative study,SRC-R5-170,CLUSTER_MAPPING,,26/09/23,,,,,,,,,REVIEWED,v1.5,SWEEP-260923
T16-CSCC,,Creative Scotland,,,,UNKNOWN,,,,,,,"Culture Collective evaluation — bid submitted, unsuccessful",,,,,,,,,SWEEP 26/09/23: found in Archive proposals/2026 Proposals lost/2026 Creative Scotland Culture Collective evaluation; draft response to James McGowan,,,,26/09/23,,,,NOT_AWARDED,,NOT_RECEIVED,,,REVIEWED,v1.5,SWEEP-260923
T17-ESRC,,ESRC,,,,UNKNOWN,,,,,,,"Research sandpit EOI — expression of interest submitted, unsuccessful",,,,,,,,,SWEEP 26/09/23: found in Archive proposals/2026 Proposals lost/2026 ESRC Research sandpit; EOI submitted 26/05,,,,26/09/23,,,,NOT_AWARDED,,NOT_RECEIVED,,,REVIEWED,v1.5,SWEEP-260923
T18-GLAS,,Glasgow Life,,,,UNKNOWN,,,,,,,Glasgow Life — proposal details unknown (empty folder),,,,,,,,,SWEEP 26/09/23: found in Archive proposals/2026 Proposals lost/2026 Glasgow Life; folder empty — no proposal document found,,,,26/09/23,,,,NOT_AWARDED,,NOT_RECEIVED,,,REVIEWED,v1.5,SWEEP-260923
T19-LIVPHIL,,Liverpool Philharmonic,,,,UNKNOWN,,,,,,,Philharmonic Studios — note to Rihbell and AdLib; OBC acoustics; proposal unsuccessful,,,,,,,,,SWEEP 26/09/23: found in Archive proposals/2026 Proposals lost/2026 Liverpool Phil; Philharmonic Hall OBC Acoustics,,,,26/09/23,,,,NOT_AWARDED,,NOT_RECEIVED,,,REVIEWED,v1.5,SWEEP-260923
T20-CESA,,Plymouth (CESA),,,,UNKNOWN,,,,,,,"CESA — proposal submitted 26/05, unsuccessful",,,,,,,,,SWEEP 26/09/23: found in Archive proposals/2026 Proposals lost/2026 Plymouth CESA; 260523 TheFifthSector_CESA.docx,,,,26/09/23,,,,NOT_AWARDED,,NOT_RECEIVED,,,REVIEWED,v1.5,SWEEP-260923
T21-CSFI,ITT issued 26/10/07,Creative Scotland,26/10/28,Europe/London 12:00,26/10/16,FORMAL_ITT (PCS e-tendering),Four Schedule-4 submissions (max 900 words/3pp each); Business Probity questionnaire; insurance PL £10M EL £5M PI £2M; sole supplier contract,Firm price ex VAT incl. all fees travel subsistence; 3-month tender validity; contract to 30/04/27,"£35,000-£45,000 ex VAT",PQR 80:20 quality:price; Understanding 30%; Approach/methodology/outputs incl. accessibility 25%; PM/collaboration/reporting 10%; Skills/experience/team 15%; mean <2 any section = rejection,Schedule 3 T&Cs; payment 30 days in arrears,Deliverables must meet WCAG 2.1; CS provides award + MYFO data; FOISA disclosure applies,"FORMAL_ITT: three strands — (1) dataset/literature review incl. cross-sector value models; (2) objective impact-measurement framework aligned to CS strategy refresh + draft NPF, replicable across sector; (3) measurement plan incl. qualitative aggregation; NESTA creative-economy + Wellbeing Economy framing","Audience Agency dataset named in brief but org in liquidation (access/licence unclear — CAN question); CS strategy + NPF refresh in progress (alignment target moving); likely competitors incl. TFCC (LGA National Cultural Framework 26/09/17), BOP, EKOS",C-R3-001;C-R3-002;C-G2-037,TRIAGE,BID recommended pending Iain decision: P01-NES Scottish creative-economy mapping accepted 26/06; live CS supplier pending award (P86); T13 calibration — experience/method scored 4.0/4,None at gate; capability gaps: Scotland wellbeing-policy depth + qualitative aggregation — named-specialist route recommended (Patrick Towell candidate — CEO Creative Innovation 4 Good; ex-TAA Director of Creative Economy & Policy; co-directed UKRI National Cultural Data Observatory blueprint),CSSAL contract signed post-standstill (26/09/18) — verify before citing as live work; Audience Agency data-access path unknown,Devin,26/10/07,"Drive folder: Active proposals/2026 Creative Scotland Frameworks of Impact in the Creative Economy | Intel (Iain 26/10/07): The Audience Agency in liquidation, institutional memory with Patrick Towell; TFCC National Cultural Framework for LGA/CLOA published 26/09/17 — governance/system model not measurement — likely bidder | Towell profile (26/10/07): CI4G founded 2023, Rio+UK base; TAA LinkedIn still lists role — transition may be unresolved; ask him re Audience Finder + Data Observatory disposition before CAN question | NCDO live (26/10/07): ncdo.org.uk — ESRC-funded, 470+ partners, 70+ observatories mapped, 200+ datasets reviewed; Data Model + Translational Layer + Exchange Hub; Bradford 2025 demonstrator; site explicitly aligns to LGA/CLOA NCF — Towell holds the data-layer story, co-opetition race for him is real | Collaborator candidates (Iain): eticlab.co.uk (Welsh research/design, data science+ML, qual aggregation tech), mycake.org (financial benchmarking dashboards, third-sector/funder analytics — economic-sustainability dimension) | CAN questions drafted 26/10/07 (8 qs: scope, strategy/NPF alignment, TAA data access, CS data route+GDPR, qual strand meaning, PMF/KPI link, framework format/users, post-04/27 phase) — file: 261007 CAN questions - PCS submission draft.md in tender folder; submit via PCS before 26/10/16, early week preferred | Towell approach note drafted (file: 261007 Towell approach note - draft.md); ask = named associate leading data audit strand + NCDO docking + TAA asset disposition | Intel (Iain 26/10/07): conversation with Towell ~26/09 — he was close to securing a deal with MyCake + Etic for continuing NCDO operation. The three are a forming consortium, not separate candidates: treat as a unit. Bid shape now TFS prime + NCDO trio as named associates + Scotland wellbeing-policy specialist. Deal/entity status TBC — Towell note rewritten as follow-up asking status + offering early joint work with TFS leading | Towell note v2 after Sched 4 check: probity questionnaire (consortium OR subcontractor) requires each member's named role + estimated % contribution — soft ask added to note; QS2 'usefulness to wider sector' criterion = NCDO-docking story scores directly; clause 1.17 bars public announcement of CS discussions | CAN revised post-consortium intel: Q3 (TAA data) HELD pending Towell call — if consortium holds assets, drop Q3 to keep info advantage; stealth fallback if no call by 16/10; Q9 added (do insurance requirements apply per consortium member or to lead — trio are small ventures, £10m PL may force subcontractor shape); CAN = public channel, no NCDO/consortium/architecture questions | INSURANCE (Iain 26/10/07): PL requirement £10m vs held £5m is NOT a blocker — CS precedent: contract amended to reflect existing cover levels. Action: note current cover levels (PL£5m/EL£10m/PI£5m) in the submission so amendment can be requested at award. CAN Q9 still stands — it resolves whether consortium members need own cover, a different question.",SRC-R5-171,FORMAL_PROCUREMENT,AS_AT,26/10/07,T13-CSSAL preferred bidder 92.83% (methodology+experience max); T16-CSCC evaluation bid unsuccessful,,,,,,,Measurement-architecture positioning vs governance framing; toolkit evidence discipline (baseline vs contribution vs option) as differentiator; P01-NES + P86 incumbency,REGISTERED,v1.5,SWEEP-261007
T22-VAIMP,ITT issued 26/09; pack received 26/10/07,Victoria and Albert Museum (Board of Trustees — NDPB of DCMS),26/10/19,Europe/London 10:00,26/10/07 (passed — late Qs may not be answered),"FORMAL_ITT (Delta e-sourcing, open single-stage)","5 comparable case studies incl. named referee each — max 2pp TOTAL; proposal max 3pp; team ~300w/member; SEQUENTIAL kill-gate scoring: score <6/10 on any criterion = excluded, Case Studies scored FIRST; pitches in person V&A South Ken 26/11/02-03; PQQ incl. Procurement Act 2023 exclusion declarations; insurance EL £5m PL £5m PI £1m; current ratio ≥1 or guarantor/statement","Fixed fee incl. all expenses disbursements site visits; no upfront payment — invoices for completed work only; 90-day validity; initial term 6 months (corrected via CAN from 5); start Dec 2026/Jan 2027 latest, deliverables end May 2027","Fixed fee cap £60,000","Case studies 20% (scored first); Team 20% (research+eval experience, economic assessment per gov guidance, sector knowledge); Proposal 50% (collaboration, impact beyond traditional metrics — outcomes/additionality/unique contribution, programme); Price 10% (lowest = full marks); min 6/10 per criterion sequential gate; <50% any qualitative criterion rejectable",V&A T&Cs Services 2024; fixed fee; payment on completed work stages,DPA + IT security policy + vetting (DBS at V&A discretion) + Sustainable Supplier Charter; FOIA applies — anonymised case studies permitted but must be disclosable under mutual NDA if requested,"FORMAL_ITT: impact STUDY of V&A on UK creative industries — NOT a framework build (impact model out of scope, ""first step towards"" one); combine quant+qual; headline econ measures where evidence allows + longitudinal insight; case studies of material difference; impact narrative w/ proof points; identify gaps + low-impact activity; prioritised recommendations incl. reduction; activity/outputs/impact distinction required; IIPP BBC-style ecosystem-builder framing; Green Book + Cultural Heritage Capital Framework as informing guidance; all 6 V&A sites incl Dundee + Wedgwood","V&A hires own researcher to conduct interviews + collect data (partner designs/guides) — job advert live; exit-survey data comparable only across London sites; several appendix datasets ""exist to varying degrees of readiness""; ""creative career accounts"" dataset does not exist yet; qualified estimates explicitly acceptable where data thin; clarification round 2 (dataset readiness detail) promised ""next week"" — may never land before deadline",,BID,"BID CONFIRMED by Iain 26/10/07: brief cites IIPP ecosystem-builder framing + ""spillovers"" — TFS/BOP signature method lineage; additionality + ""distinctive contribution"" + ""what others cannot replicate"" = toolkit attribution discipline; P78-BEATLES visitor impact study delivered 26/10/07 (fresh flagship + warm referee); P16-CICP national CI programme impact evaluation (contribution analysis/CBA/DiD) direct precedent; V&A Dundee in scope",12-day turnaround (26/10/19 10:00); case-study referee permissions NOT_ESTABLISHED on most projects — 5 named referees needed and criterion is scored FIRST as a kill gate; concurrent T21-CSFI bid due 26/10/28 (resource contention); consortium status unconfirmed,Composite PQQ for subs confirmed via CAN Q3; NCDO trio reusable (Towell audience data incl. V&A exit surveys; Etic collections-API/digital analysis; MyCake creative-business financial benchmarking) if deal lands in time — 12 days is tight,Devin,26/10/07,"Drive folder: Active proposals/2026 V&A | Likely competitors: DC Research (museum/heritage econ impact specialist — biggest case-study-gate threat), MHM (audience research), BOP (spillover-method IP lineage!), Nordicity, Ekosgen/SQW, TFCC, Frontier/Oxford Econ | Client team: Lizzie Hines CI Programme Director, Lindsey Brown CI PM; sponsor Tristram Hunt; stakeholders incl. Director of Audiences + Audience Strategist | Price schedule 3 stages: Planning (guide researcher)/Analysis/Refinement | Sequential-gate detail: case studies → team → proposal → price, any <6 kills | DECISION 26/10/07: bidding. Iain handling Towell note himself (V&A line added by Iain). Next: case-study sheet (gate doc), referee sounding, team skeleton, 3pp proposal, PQQ | Solo-vs-collab agent review 26/10/07: RECOMMENDED = TFS prime + named associates (PQQ 1.14a lead+subs — minimal disclosure), NOT full consortium and NOT bare solo. Rationale: case-study gate passes on TFS-owned work (Beatles+CICP) but museum-comparability is weakest axis vs DC Research — Towell's TAA-era museum audience studies + referee would fix it; brief explicitly says 'not a standard single discipline evaluation' so method blend must be visible in proposal regardless of legal shape; Etic > MyCake for V&A (API/digital + participatory); full 4-org consortium only if deal already done and partners commit inside ~7 days; decision point ~14/10 for naming members",SRC-R5-172,FORMAL_PROCUREMENT,AS_AT,26/10/07,"No direct V&A work known; adjacent: P78-BEATLES visitor/attraction impact, P16-CICP national CI evaluation, P63 Liverpool heritage CPD",,,,,,,Spillover/ecosystem-impact lineage (IIPP-style framing is home turf) + attribution discipline (baseline vs contribution vs option) against museum-econ specialists; consortium trio maps to brief strands if confirmed; V&A researcher does fieldwork so budget buys design+analysis not collection,REGISTERED,v1.5,SWEEP-261007
T23-TVBTV,ITT PROC-0881 issued 26/10/05; pack received 26/10/07,Tees Valley Combined Authority,26/10/30,Europe/London (written tender; portal submission),26/10/23,FORMAL_ITT (portal e-submission; PA23 above threshold),PSQ pass/fail incl. Conditions of Participation + financial viability risk assessment (Creditsafe >=30); Parts 4a quality + 4b pricing + 4c social value; min quality score 3 per question else non-compliant; PI £1m (lots 1-6) £2m (lot 7),"Framework 7 single-supplier lots, £10m max total; separate pricing schedule per lot; collaborations/consortia acceptable (structure to be formalised); TUPE n/a per buyer",£10 million maximum across Lots 1-7 (per-lot values in Part 4b),"Written: Quality 60% (Q1 connected-system delivery 30% common lots 1-6; Q2 lot-specific specialist expertise/sector credibility 30%), Price 20% (lowest-price formula), Social Value 20%. CRITICAL: written scores only shortlist top-3 per lot — presentation stage (26/11/23-25) is scored fresh and alone decides award",Contract template Part 3; standstill to 26/12/08; contract award 26/12/09; commencement January 2027,FOIA applies — mark confidential items; royalty-free non-exclusive licence may be required on tender IP,"FORMAL_ITT: Business Tees Valley Support Spine Framework — 7 lots of business support services. Fit: Lot 4 Creative and Cultural Industries (business start-up/scale-up, IP commercialisation, audience/market development, investment readiness, placemaking/visitor economy); adjacent Lot 5 Games, Lot 7 Experts and Mentors. Lot 4 requires ongoing dialogue with Teesside University (Investment Zone R&I partner) and complementarity with NE Screen Industries Development Programme + Sonic Futures + forthcoming IP Fund",Per-lot contract values/duration in Part 4b pricing schedule (xlsx — not yet read); lot capacity/demand volumes not stated; whether TFS bids alone or with delivery partners undecided,,TRIAGE,Team review: Lot 4 subject = our sector but product = 4yr rate-card service operation (2yr+2yr ext); FVRA 3yr accounts + Creditsafe >=30 is pass/fail — verify before spend; framework ceiling £10m is not guaranteed volume,"Written tender due 26/10/30 — 2 days after T21-CSFI deadline (26/10/28); concurrent with T22-VAIMP work (due 26/10/19); if shortlisted, presentation 26/11/23-25 in Tees Valley; FVRA financial gate unverified; no Tees Valley delivery presence; presentation stage 26/11/23-25",,Devin,26/10/07,"ITT Part 1 + Spec Part 2 read; Parts 4a/4b/4c + contract template + social value calculator + financial viability assessment in pack unread (xlsx/docx). Presentation-only award decision is unusual — written bid is purely a shortlisting device; investment must be priced accordingly | FULL TEAM REVIEW 26/10/07: routes ranked — (1) sector-evidence partner inside a delivery-led consortium [P46 prior TVCA work + P68 WY Create live CA business-support programme = the credibility offer], possibly via Teesside University which is MANDATED as IZ R&I partner in spec; (2) Lot 7 Experts and Mentors prime — expertise-network orchestration fits TFS better than delivery lots; (3) no-bid defensible (3 submissions in 11 days); (4) Lot 4 prime weakest — sole-supplier delivery spine TFS cannot staff alone. Award decided at presentation stage only. | LOT DECISION DOC 26/10/08: 261008 T23 lot decision.md in tender folder — 7 lots narrowed to 2: Lot 4 (partnership/consortium route only) + Lot 7 (prime-worthy orchestration fit). Actions: Teesside approach by ~16/10, Lot 7 bench audit, CAN by 23/10, FVRA sheets fillable. | PARTNER INTEL 26/10/08: Supplier Noticeboard announced in TVCA launch press but NOT referenced in ITT and not visible on Delta page (Iain 26/10/08) — verify via Delta helpdesk 0800 923 9236 or clarification Q before 23/10; not critical path. Teesside: Charlotte Nicol (Associate Dean RKE, School of Arts & Creative Industries — existing LI connection) is first contact; Dr Ben Fisher (AD E&KE, TUIBS, public-sector lead) second; IZ R&I strand is theirs (£9.4m). Regional: Mick Ross/Generator meeting 15/10 (Sonic Futures incumbent); Alison Gwynn/North East Screen — P46 collaborator, Iain contacting (NESIDP incumbent). CURATED PLACE UPGRADED: CBDP for Creative Scotland is live national 12-week cohort-based cultural business development (Aberdeen/Edinburgh/Glasgow anchors, expert-faculty consortium model); Creative Producer programme CS+Stavanger 2023, 18-country network, £3m+ raised by participants — genuine Lot 4 product-shape match + Lot 7 bench member; Iain was subcontractor on it (uncaptured register evidence). CP still lacks Tees Valley anchor — consortium shape = CP programme engine + TFS evidence/QA + Teesside-side anchor.",SRC-R5-173,FRAMEWORK_LOT,REGISTERED,26/10/07,Tees Valley CA — first TVCA tender in register; regional adjacency to North East work (Sonic Futures awareness from cluster work),,,,,,,,REGISTERED,1.3-candidate,B-SECTION
