request_id,client,contact_name,project_ids,permission_scope,proposed_wording,request_channel,date_sent,response_date,status,notes,owner,reminder_after_working_days
PR-01,British Council (via BEYOND framework),,P81-WB6;P82-KOTOR;P83-BCWB,METHOD_ATTRIBUTION_CLAUSE,"When the BEYOND contract is drawn up, could it include two lines: that the methods we develop are credited to The Fifth Sector, and that we may describe the work in future bids? Covers the WB6 Creative Economy Pulse, Kotor Exchange Pilot and Creative Economy Council Development work. (A contract request raised at contracting stage, not a question to the client contact.)",CONTRACT CLAUSE (BEYOND contract in preparation),,,DRAFTED,"Clause to be included in awaited BEYOND contract per Iain 26/09/12 — permission secured at contracting stage | 26/10/07 (Iain decisions): rewritten in plain language, one question; ""cite as delivered"" dropped because citing delivered work needs no permission without a restriction marker. Previous wording: May we cite the WB6 Creative Economy Pulse pilot and Creative Economy Councils work (Kotor 2025 ministerial, council development) as delivered work — and will the contract include a method-attribution and citation-permission clause?. Draft only; nothing is sent without Iain approval",Iain,5
PR-02,University of Plymouth,,P82-KOTOR,CITE_AS_DELIVERED,May we cite the Kotor 2025 ministerial exchange pilot work — delivered as subcontractor to UoP under the FCDO-funded programme — in future bids?,,,,INTERNAL_CHECK,UoP held the FCDO contract via BC; TFS subcontractor | 26/10/07 (Iain decisions): INTERNAL CHECK (not a client ask): describe the Kotor Exchange Pilot as work done as subcontractor to the University of Plymouth under the FCDO-funded British Council programme; contracting structure must be named in any bid wording.,,
PR-03,Wakefield Council,,P27-WAKECDF;P64-BCJ;P69-OURYEAR,NAMED_REFEREE,"Would you be happy for someone assessing one of our bids to contact you to confirm our work for Wakefield Council: the Cultural Development Fund evaluation, the Our Year business case and the Our Year evaluation? Yes, no, or not yet. Saying no is fine, and we would only name you if you say yes.",,,,DRAFTED,"DUAL ASK agreed 26/09/12 — one conversation covers the whole Wakefield arc (CDF + BCJ + Our Year) | 26/10/07 (Iain decisions): rewritten in plain language, one question; ""cite as delivered"" dropped because citing delivered work needs no permission without a restriction marker. Previous wording: May we cite the Wakefield CDF evaluation, the Our Year business case justification, and the Our Year programme evaluation — methodology and reported outcomes — as delivered work, and may we name Wakefield Council as a referee?. Draft only; nothing is sent without Iain approval | 26/10/08 (Iain): referees are cited by name in the tender and only asked once the bidder is shortlisted; hold this ask until shortlist. Name a contact likely to agree; never state agreement has been given",Iain,5
PR-04,Liverpool City Council (TBC — Iain checking commissioner),,P33-LCRMUS,NAMED_REFEREE,"Would you be happy for someone assessing one of our bids to contact you to confirm our work on the Liverpool City Region music economy mapping? Yes, no, or not yet. Saying no is fine, and we would only name you if you say yes. (First confirm who commissioned it.)",,,,DRAFTED,"Public report — citation needs no licence; only named-referee/commissioner-naming needs permission. Unscrambled=TFS subcontractor (no ask); IPM=Next Wave partner (implied). | 26/10/07 (Iain decisions): rewritten in plain language, one question; ""cite as delivered"" dropped because citing delivered work needs no permission without a restriction marker. Previous wording: We intend to cite the published LCR Music Economy report (public document, consortium credit: The Fifth Sector Limited / Unscrambled.world in partnership with UoL IPM) — may we also name the commissioner as a referee?. Draft only; nothing is sent without Iain approval | 26/10/08 (Iain): referees are cited by name in the tender and only asked once the bidder is shortlisted; hold this ask until shortlist. Name a contact likely to agree; never state agreement has been given",Iain,5
PR-05,Liverpool City Region Combined Authority,,P22-LCRFILM;P08-LIVDCI;P19-LCRIMM,NAMED_REFEREE,"Would you be happy for someone assessing one of our bids to contact you to confirm our evaluation of the Liverpool City Region Production Fund? Yes, no, or not yet. Saying no is fine, and we would only name you if you say yes.",,,,DRAFTED,"Data-vs-evaluation distinction explicit in the ask. If P08/P19 also CA commissions, bundle into one conversation. | original project_ids text: P22-LCRFILM (+P08-LIVDCI, P19-LCRIMM if same client — bundle check) | 26/10/07 (Iain decisions): rewritten in plain language, one question; ""cite as delivered"" dropped because citing delivered work needs no permission without a restriction marker. Previous wording: May we cite the LCR Production Fund evaluation — including final outcomes (£8.69:£1 leverage, 859 indirect FTE, 41% recoupment) — as delivered evaluation work? Figures are LFO programme data incorporated into the evaluation.. Draft only; nothing is sent without Iain approval | 26/10/08 (Iain): referees are cited by name in the tender and only asked once the bidder is shortlisted; hold this ask until shortlist. Name a contact likely to agree; never state agreement has been given",Iain,5
PR-06,Lancaster University,,P75-LANC;P87-TRUENORTH;P76,CITE_AS_DELIVERED,"May we cite the December 2025 workshop and Nature-Culture Tech Creative Cluster summary report, and the June to August 2026 True North CICP2 bid support, as delivered work?",,,,NOT_REQUIRED,"BUNDLE: three Lancaster engagements exist (P75-LANC/P76/P87) — one conversation covers all. £10k payment doc still unlocated. | 26/10/07 facts corrected after the Lancaster re-key: three Lancaster engagements are the workshop and summary report (P75-LANC), the Horizon bid (P76) and True North (P87-TRUENORTH); the ""GBP 10k payment doc unlocated"" is located: PO 500222361, order total GBP 9,999.00 (True North). Wording corrected for accuracy only; the permission-request redesign decision is still paused | original project_ids text: P75-LANC;P87-TRUENORTH (P76 Horizon bid optional — NOT_AWARDED) | CLOSED 26/10/07 (Iain rule): citing delivered work needs no client permission unless a contract clause, NDA or client instruction restricts citation; none recorded. Reopen if one is found",,
PR-07,BOP Consulting / Frontier Economics (prime evaluators),,P16-CICP,CITE_CONTRIBUTION,May we cite Fifth Sector/Iain's design contribution to the CICP evaluation (specific components TBC) as part of the BOP/Frontier evaluation team?,,,,INTERNAL_CHECK,"Iain 26/09/12: claims capped at ""contributed to"" — too distant to seek specific attribution; permission pursuit not proportionate. Do NOT send specific-attribution ask. | 26/10/07 (Iain decisions): INTERNAL CHECK (not a client ask): contribution to the CICP evaluation stays capped at ""contributed to"" the BOP Consulting / Frontier Economics evaluation team (Iain 26/09/12); no specific-attribution request is to be made.",,
PR-08,Liverpool BID (funding counterparty for Beatles Legacy Group),,P78-BEATLES,CITE_AS_DELIVERED,May we cite the Beatles tourism ROI study (repeat measurement vs 2016 baseline) as delivered work?,,,,INTERNAL_CHECK,"Client = Beatles Legacy Group (unconstituted); contractual/funding counterparty = Liverpool BID. | 26/10/07 (Iain decisions): INTERNAL CHECK (not a client ask): settle who the client is for the Beatles Visitor Impact Study, Beatles Legacy Group or Liverpool BID, before any use or request.",,
PR-09,LLDC / CELL client,,P79-CELL,DATA_REUSE,"May we reuse the supply-chain data from the London Experience Economy mapping (the 74,000-profile analysis) in a consortium bid we are preparing for the CoSTAR Showcase? Yes, no, or not yet. TIME-CRITICAL: the bid has a hard stop of 29 Oct 2026.",,,,DRAFTED,"Two-tier ask: citation now; data-reuse is deeper permission — republishing client data in consortium bid. Linked to client clarification already pending. | 26/10/07 (Iain decisions): rewritten in plain language, one question; ""cite as delivered"" dropped because citing delivered work needs no permission without a restriction marker. Previous wording: May we cite the London Experience Economy mapping (74k-profile supply-chain analysis) as delivered work? Separately: data-reuse agreement for CoSTAR Showcase bid needed by early Oct (hard stop 26/10/29).. Draft only; nothing is sent without Iain approval",Iain,5
PR-10,South Yorkshire MCA,,P20-SYMCA21;P24-SYMCACGP;P51,CITE_AS_DELIVERED,May we cite the SYMCA CCI mapping reports and ARG evaluation (incl. the £2bn footprint finding and Music Hub legacy) as delivered work?,,,,NOT_REQUIRED,"Seeded 26/09/12 cardless batch | CLOSED 26/10/07 (Iain rule): citing delivered work needs no client permission unless a contract clause, NDA or client instruction restricts citation; none recorded. Reopen if one is found",,
PR-11,West Yorkshire CA / Leeds City Region,,P17-LCRCSU;P68,CITE_AS_DELIVERED,May we cite the Creative Scale Up evidence base and WYCreate business-support/M&E work as delivered?,,,,NOT_REQUIRED,"Seeded 26/09/12 cardless batch | CLOSED 26/10/07 (Iain rule): citing delivered work needs no client permission unless a contract clause, NDA or client instruction restricts citation; none recorded. Reopen if one is found",,
PR-12,Tees Valley CA,,P46,CITE_AS_DELIVERED,May we cite the CCI baseline and Capital Investment Leverage Framework (incl. DRHQ 1:1.72 case) as delivered work?,,,,NOT_REQUIRED,"Seeded 26/09/12 cardless batch | CLOSED 26/10/07 (Iain rule): citing delivered work needs no client permission unless a contract clause, NDA or client instruction restricts citation; none recorded. Reopen if one is found",,
PR-13,Derby City Council,,P23-DERBY;P35-DERBYMAP,CITE_AS_DELIVERED,May we cite the Cultural Masterplan/Compact and Screen Agency feasibility as delivered work?,,,,NOT_REQUIRED,"Seeded 26/09/12 cardless batch | CLOSED 26/10/07 (Iain rule): citing delivered work needs no client permission unless a contract clause, NDA or client instruction restricts citation; none recorded. Reopen if one is found",,
PR-14,Lancashire LEP / Lancashire CC,,P25-LANCGP;P45,CITE_CONTRIBUTION,May we cite our data contribution to the Create Growth application and the Digital Strategy as delivered work?,,,,NOT_REQUIRED,"Seeded 26/09/12 cardless batch | CLOSED 26/10/07 (Iain rule): citing delivered work needs no client permission unless a contract clause, NDA or client instruction restricts citation; none recorded. Reopen if one is found",,
PR-15,Herefordshire Council + Cultural Partnership,,P30-HEREFORD;P84,CITE_AS_DELIVERED,May we cite the culture strategy review and partnership strategy work?,,,,NOT_REQUIRED,"Seeded 26/09/12 cardless batch | CLOSED 26/10/07 (Iain rule): citing delivered work needs no client permission unless a contract clause, NDA or client instruction restricts citation; none recorded. Reopen if one is found",,
PR-16,Solent LEP / Solent & Hampshire CA,,P29-SOLENTCGP;P34-SOLENTHANTS,CITE_AS_DELIVERED,May we cite the CGP market-awareness research and SHCA CI mapping (£5.25bn) as delivered work?,,,,NOT_REQUIRED,"Seeded 26/09/12 cardless batch | CLOSED 26/10/07 (Iain rule): citing delivered work needs no client permission unless a contract clause, NDA or client instruction restricts citation; none recorded. Reopen if one is found",,
PR-17,Leicester City Council,,P61,CITE_AS_DELIVERED,May we cite the Leicester CCI strategy and Cultural Compact (web-published version)?,,,,NOT_REQUIRED,"Seeded 26/09/12 cardless batch | CLOSED 26/10/07 (Iain rule): citing delivered work needs no client permission unless a contract clause, NDA or client instruction restricts citation; none recorded. Reopen if one is found",,
PR-18,Manchester Metropolitan University,,P21-MMUCCI,CITE_AS_DELIVERED,May we cite the CCI positioning audit (incl. REF-2021 visibility finding) as delivered work?,,,,NOT_REQUIRED,"Seeded 26/09/12 cardless batch | CLOSED 26/10/07 (Iain rule): citing delivered work needs no client permission unless a contract clause, NDA or client instruction restricts citation; none recorded. Reopen if one is found",,
PR-19,Somerset Council,,P52,CITE_AS_DELIVERED,May we cite the Somerset Cultural Strategy method and findings (noting adoption circumstances)?,,,,NOT_REQUIRED,"Seeded 26/09/12 cardless batch | CLOSED 26/10/07 (Iain rule): citing delivered work needs no client permission unless a contract clause, NDA or client instruction restricts citation; none recorded. Reopen if one is found",,
PR-20,Surrey County Council / Surrey+,,P32-SURREY,CITE_AS_DELIVERED,May we cite the Creative Corridor framework (£7.2bn; Farnborough aerospace→screen case) as delivered work?,,,,NOT_REQUIRED,"Seeded 26/09/12 cardless batch | CLOSED 26/10/07 (Iain rule): citing delivered work needs no client permission unless a contract clause, NDA or client instruction restricts citation; none recorded. Reopen if one is found",,
PR-21,Rushmoor Council,,P57,CITE_AS_DELIVERED,May we cite the Cultural Strategy and Compact (incl. SIC-misclassification findings)?,,,,NOT_REQUIRED,"Seeded 26/09/12 cardless batch | CLOSED 26/10/07 (Iain rule): citing delivered work needs no client permission unless a contract clause, NDA or client instruction restricts citation; none recorded. Reopen if one is found",,
PR-22,Theatre Royal Plymouth,,P62,CITE_AS_DELIVERED,May we cite the TRP Education and Learning engagement findings?,,,,NOT_REQUIRED,"Seeded 26/09/12 cardless batch | CLOSED 26/10/07 (Iain rule): citing delivered work needs no client permission unless a contract clause, NDA or client instruction restricts citation; none recorded. Reopen if one is found",,
PR-23,Plymouth City Council,,P58,CITE_CONTRIBUTION,May we cite the National Marine Park digital strategy and case-study codex (with Audience Agency/UoP credits)?,,,,NOT_REQUIRED,"Seeded 26/09/12 cardless batch | CLOSED 26/10/07 (Iain rule): citing delivered work needs no client permission unless a contract clause, NDA or client instruction restricts citation; none recorded. Reopen if one is found",,
PR-24,North East Lincolnshire Council / Magna Vitae,,P18-GRIMSBY,CITE_CONTRIBUTION,May we cite our mapping-data contribution to the Open for Culture baseline?,,,,NOT_REQUIRED,"Seeded 26/09/12 cardless batch | CLOSED 26/10/07 (Iain rule): citing delivered work needs no client permission unless a contract clause, NDA or client instruction restricts citation; none recorded. Reopen if one is found",,
PR-25,Suffolk County Council,,P37,CITE_AS_DELIVERED,May we cite the renewable energy programme business case as delivered work?,,,,NOT_REQUIRED,"Seeded 26/09/12 cardless batch | CLOSED 26/10/07 (Iain rule): citing delivered work needs no client permission unless a contract clause, NDA or client instruction restricts citation; none recorded. Reopen if one is found",,
PR-26,City St George's University,,P73,CITE_AS_DELIVERED,May we cite the performing-arts value chain analysis?,,,,NOT_REQUIRED,"Seeded 26/09/12 cardless batch | CLOSED 26/10/07 (Iain rule): citing delivered work needs no client permission unless a contract clause, NDA or client instruction restricts citation; none recorded. Reopen if one is found",,
PR-27,University of South Wales,,P85-AMGEN,CITE_AS_DELIVERED,May we cite the Places-derived microcluster evidence pack delivered for the AMGEN CICP2 bid?,,,,NOT_REQUIRED,"Seeded 26/09/12 cardless batch | CLOSED 26/10/07 (Iain rule): citing delivered work needs no client permission unless a contract clause, NDA or client instruction restricts citation; none recorded. Reopen if one is found",,
PR-28,Creative Scotland,,P86-CSSAL,CITE_AS_DELIVERED,Once contract signed: may we cite the salary benchmarking framework work? (Hold until award confirmed.),,,,NOT_REQUIRED,"Seeded 26/09/12 cardless batch | CLOSED 26/10/07 (Iain rule): citing delivered work needs no client permission unless a contract clause, NDA or client instruction restricts citation; none recorded. Reopen if one is found",,
PR-29,University of Liverpool,,P63,CITE_AS_DELIVERED,May we cite the Heritage CPD scoping work?,,,,NOT_REQUIRED,"Seeded 26/09/12 cardless batch | CLOSED 26/10/07 (Iain rule): citing delivered work needs no client permission unless a contract clause, NDA or client instruction restricts citation; none recorded. Reopen if one is found",,
PR-30,Calderdale Council,,P28-CALDER,CITE_AS_DELIVERED,May we cite the Calderdale CCI research report?,,,,NOT_REQUIRED,"Seeded 26/09/12 cardless batch | CLOSED 26/10/07 (Iain rule): citing delivered work needs no client permission unless a contract clause, NDA or client instruction restricts citation; none recorded. Reopen if one is found",,
PR-31,Greater Brighton Economic Board,,P26-WSBH,CITE_AS_DELIVERED,"May we cite the WSBH CI strategy (10,225 companies/54,428 workforce)?",,,,NOT_REQUIRED,"Seeded 26/09/12 cardless batch | CLOSED 26/10/07 (Iain rule): citing delivered work needs no client permission unless a contract clause, NDA or client instruction restricts citation; none recorded. Reopen if one is found",,
PR-32,Creative Wakefield,,P48,CITE_AS_DELIVERED,May we cite the skills pathways research and Tableau diagnostic?,,,,NOT_REQUIRED,"Seeded 26/09/12 cardless batch | CLOSED 26/10/07 (Iain rule): citing delivered work needs no client permission unless a contract clause, NDA or client instruction restricts citation; none recorded. Reopen if one is found",,
PR-33,Kirklees Council,,P12-KIRK15,CITE_CONTRIBUTION,May we cite the 2015 creative economy analysis contribution?,,,,NOT_REQUIRED,"Seeded 26/09/12 cardless batch | CLOSED 26/10/07 (Iain rule): citing delivered work needs no client permission unless a contract clause, NDA or client instruction restricts citation; none recorded. Reopen if one is found",,
PR-34,Digital Catapult / Innovate UK,,P14-DCAT,CITE_CONTRIBUTION,May we cite lead-consultant contribution to Engaging with New Realities?,,,,NOT_REQUIRED,"Seeded 26/09/12 cardless batch | CLOSED 26/10/07 (Iain rule): citing delivered work needs no client permission unless a contract clause, NDA or client instruction restricts citation; none recorded. Reopen if one is found",,
PR-35,LCF / GLA,,P11-ELFC,CITE_CONTRIBUTION,May we cite lead-consultant contribution to the East London Fashion Cluster strategy?,,,,NOT_REQUIRED,"Seeded 26/09/12 cardless batch | CLOSED 26/10/07 (Iain rule): citing delivered work needs no client permission unless a contract clause, NDA or client instruction restricts citation; none recorded. Reopen if one is found",,
PR-36,Liverpool BID and Beatles Legacy Group; named attraction operators,,P78-BEATLES,PUBLICATION_CHECK,"INTERNAL CHECK: the Beatles Impact Study says it is a project-review document, its production is not sponsor approval or external publication permission, and named attraction series need provider clearance. Which parts may we say or show in a tender (headline modelled figure, named operator data, quotations)?",,,,NOT_REQUIRED,"26/10/08 (found during claims coding): the study text itself is a restriction marker for provider data and publication. Citing delivery of the study may still be allowed; check the contract or funding agreement and ask Iain. Nothing sent to anyone. See also PR-08 (who the client is) | CLOSED 26/10/08 (Iain): the study can be cited because the client has given verbal acceptance. Caution kept at claim level: the study itself says named attraction series need provider clearance, so claims C-S261008-021, -022, -023 and -026 stay unnamed in tenders until cleared",Iain,5
PR-37,South Yorkshire Mayoral Combined Authority,"Andrew Gates (Director of Strategy, Collaboration and Culture)",P51,NAMED_REFEREE,"""Would you be happy for someone assessing one of our bids to contact you to confirm our evaluation of the South Yorkshire Culture Additional Restrictions Grant? Yes, no, or not yet. Saying no is fine, and we would only name you if you say yes.""",,,,DRAFTED,"Referee named by Iain 26/10/08 — Andrew Gates, Director of Strategy, Collaboration and Culture, SYMCA. For T22-VAIMP fifth case-study slot (SYMCA ARG evaluation, competed contract DN619939/C0764). Per Iain 26/10/08: referees named in tender, asked once shortlisted — hold until then. CAVEAT: V&A PQQ reserves right to call references at any stage, so the ask may need to go earlier than other referees.",Iain,5
