involvement_id,person_id,project_id,role_on_project,period,basis,source_or_note,recorded_by,recorded_at
INV-0001,PER-01,P88-LCRPF24,Report author (The Fifth Sector),2024-25,DOCUMENT,SRC-G2-030 cover: Prepared by Iain Bennett and Lynne McCadden,Devin,26/10/08
INV-0002,PER-02,P88-LCRPF24,Report author (The Fifth Sector),2024-25,DOCUMENT,SRC-G2-030 cover: Prepared by Iain Bennett and Lynne McCadden,Devin,26/10/08
INV-0003,PER-01,P63,Presenter at consultation workshop (The Fifth Sector),23/05/22,DOCUMENT,"SRC-G2-089 slide 2 lists Iain Bennett, Lynne McCadden and Sara Sartorius",Devin,26/10/08
INV-0004,PER-02,P63,Presenter at consultation workshop (The Fifth Sector),23/05/22,DOCUMENT,SRC-G2-089 slide 2,Devin,26/10/08
INV-0005,PER-03,P63,Presenter at consultation workshop (The Fifth Sector),23/05/22,DOCUMENT,SRC-G2-089 slide 2,Devin,26/10/08
INV-0006,PER-03,P03-MITIH,Co-author with Iain Bennett — createch/immersive ecosystem mapping,2024-25,DOCUMENT,P03-MITIH index card brief_summary; report credits,Devin,26/10/08
INV-0007,PER-03,P85-AMGEN,Places evidence architecture for USW CICP2 submission,2026,DOCUMENT,Futurecity bio; 01_projects P85 notes,Devin,26/10/08
INV-0008,PER-03,P75-LANC,Places evidence commission — True North/CICP bid support,2026,DOCUMENT,Futurecity bio; 01_projects P75/P87 notes,Devin,26/10/08
INV-0009,PER-03,P01-NES,Places architecture for Aberdeen/NE Scotland creative industries mapping,2025-26,IAIN_CONFIRMED+DOCUMENT,Iain confirmed 26/10/08; Futurecity bio: Places underpins Aberdeen City Council mapping,Devin,26/10/08
INV-0010,PER-03,P78-BEATLES,Places data architecture on Beatles Visitor Impact Study modelled baseline,2026,IAIN_CONFIRMED,Iain confirmed 26/10/08,Devin,26/10/08
INV-0011,PER-03,P86-CSSAL,Places evidence on Creative Scotland Salary Benchmarking Framework,2026,IAIN_CONFIRMED,Iain confirmed 26/10/08,Devin,26/10/08
INV-0012,PER-03,P80,Southampton Forward Strategic Review,2025-26,IAIN_CONFIRMED,Iain confirmed 26/10/08,Devin,26/10/08
INV-0013,PER-03,P79-CELL,CELL,2025-26,IAIN_CONFIRMED,Iain confirmed 26/10/08,Devin,26/10/08
