claim_id,project_id,old_method_ids,new_method_ids,reason
C-G2-504,P11-ELFC,M-R3-022,M-G2-001,"sector scale and employment figures from the ELFC mapping (M-G2-001 outputs 1.4bn GVA, 36,200 jobs)"
C-G2-505,P11-ELFC,M-R3-022,M-G2-001,"sector scale and employment figures from the ELFC mapping (M-G2-001 outputs 1.4bn GVA, 36,200 jobs)"
C-G2-506,P11-ELFC,M-R3-022,,descriptive context or commissioning detail from SRC-G2-002 that no existing method row covers; reference cleared rather than guessed
C-G2-507,P11-ELFC,M-R3-022,,descriptive context or commissioning detail from SRC-G2-002 that no existing method row covers; reference cleared rather than guessed
C-G2-508,P11-ELFC,M-R3-022,M-G2-003,"ELFC vision, specialisation and coordination design: the action plan and intervention design (M-G2-003)"
C-G2-509,P11-ELFC,M-R3-022,M-G2-003,"ELFC vision, specialisation and coordination design: the action plan and intervention design (M-G2-003)"
C-G2-510,P11-ELFC,M-R3-022,M-G2-003,"ELFC vision, specialisation and coordination design: the action plan and intervention design (M-G2-003)"
C-G2-511,P11-ELFC,M-R3-022,,descriptive context or commissioning detail from SRC-G2-002 that no existing method row covers; reference cleared rather than guessed
C-G2-512,P11-ELFC,M-R3-022,,descriptive context or commissioning detail from SRC-G2-002 that no existing method row covers; reference cleared rather than guessed
C-G2-513,P11-ELFC,M-R3-022,,descriptive context or commissioning detail from SRC-G2-002 that no existing method row covers; reference cleared rather than guessed
C-G2-514,P11-ELFC,M-R3-022,,descriptive context or commissioning detail from SRC-G2-002 that no existing method row covers; reference cleared rather than guessed
C-G2-515,P11-ELFC,M-R3-022,M-G2-003,"ELFC vision, specialisation and coordination design: the action plan and intervention design (M-G2-003)"
C-G2-516,P12-KIRK15,M-R3-023,M-G2-005,"Kirklees 2015 employment, GVA, business size, VAT and occupation tables: M-G2-005 (creative_economy_mapping on the same source SRC-G2-001)"
C-G2-517,P12-KIRK15,M-R3-023,M-G2-005,"Kirklees 2015 employment, GVA, business size, VAT and occupation tables: M-G2-005 (creative_economy_mapping on the same source SRC-G2-001)"
C-G2-518,P12-KIRK15,M-R3-023,M-G2-005,"Kirklees 2015 employment, GVA, business size, VAT and occupation tables: M-G2-005 (creative_economy_mapping on the same source SRC-G2-001)"
C-G2-519,P12-KIRK15,M-R3-023,M-G2-005,"Kirklees 2015 employment, GVA, business size, VAT and occupation tables: M-G2-005 (creative_economy_mapping on the same source SRC-G2-001)"
C-G2-520,P12-KIRK15,M-R3-023,M-G2-005,"Kirklees 2015 employment, GVA, business size, VAT and occupation tables: M-G2-005 (creative_economy_mapping on the same source SRC-G2-001)"
C-G2-521,P12-KIRK15,M-R3-023,M-G2-005,"Kirklees 2015 employment, GVA, business size, VAT and occupation tables: M-G2-005 (creative_economy_mapping on the same source SRC-G2-001)"
C-G2-522,P12-KIRK15,M-R3-023,M-G2-005,"Kirklees 2015 employment, GVA, business size, VAT and occupation tables: M-G2-005 (creative_economy_mapping on the same source SRC-G2-001)"
C-G2-523,P12-KIRK15,M-R3-023,M-G2-005,"Kirklees 2015 employment, GVA, business size, VAT and occupation tables: M-G2-005 (creative_economy_mapping on the same source SRC-G2-001)"
