claim_id,column,old_value,new_value,claim_type,review_batch,claims_row_number,base_commit,date,reason
C-G2-024,publication_status,G2-BATCH-B,,METHOD_OUTPUT,G2-BATCH-B,62,a5e9800,26/10/08,exact copy of review_batch
C-G2-024,commercial_reuse,M-G2-010,,METHOD_OUTPUT,G2-BATCH-B,62,a5e9800,26/10/08,exact copy of method_ids
C-G2-024,reviewer_confidence,METHOD_OUTPUT,,METHOD_OUTPUT,G2-BATCH-B,62,a5e9800,26/10/08,exact copy of claim_type
C-G2-025,publication_status,G2-BATCH-B,,CONTEXT,G2-BATCH-B,63,a5e9800,26/10/08,exact copy of review_batch
C-G2-025,commercial_reuse,M-G2-011,,CONTEXT,G2-BATCH-B,63,a5e9800,26/10/08,exact copy of method_ids
C-G2-026,publication_status,G2-BATCH-B,,DESIGN,G2-BATCH-B,64,a5e9800,26/10/08,exact copy of review_batch
C-G2-026,commercial_reuse,M-G2-011,,DESIGN,G2-BATCH-B,64,a5e9800,26/10/08,exact copy of method_ids
C-G2-026,reviewer_confidence,DESIGN,,DESIGN,G2-BATCH-B,64,a5e9800,26/10/08,exact copy of claim_type
C-G2-027,publication_status,G2-BATCH-B,,CONTEXT,G2-BATCH-B,65,a5e9800,26/10/08,exact copy of review_batch
C-G2-027,commercial_reuse,M-G2-012,,CONTEXT,G2-BATCH-B,65,a5e9800,26/10/08,exact copy of method_ids
C-G2-027,reviewer_confidence,CONTEXT,,CONTEXT,G2-BATCH-B,65,a5e9800,26/10/08,exact copy of claim_type
C-G2-028,publication_status,G2-BATCH-B,,CONTEXT,G2-BATCH-B,66,a5e9800,26/10/08,exact copy of review_batch
C-G2-028,commercial_reuse,M-G2-013,,CONTEXT,G2-BATCH-B,66,a5e9800,26/10/08,exact copy of method_ids
C-G2-029,publication_status,G2-BATCH-B,,CONTEXT,G2-BATCH-B,67,a5e9800,26/10/08,exact copy of review_batch
C-G2-029,commercial_reuse,M-G2-013,,CONTEXT,G2-BATCH-B,67,a5e9800,26/10/08,exact copy of method_ids
C-G2-030,publication_status,G2-BATCH-B,,CONTEXT,G2-BATCH-B,68,a5e9800,26/10/08,exact copy of review_batch
C-G2-030,commercial_reuse,M-G2-013,,CONTEXT,G2-BATCH-B,68,a5e9800,26/10/08,exact copy of method_ids
C-G2-031,publication_status,G2-BATCH-B,,DESIGN,G2-BATCH-B,69,a5e9800,26/10/08,exact copy of review_batch
C-G2-031,commercial_reuse,M-G2-013,,DESIGN,G2-BATCH-B,69,a5e9800,26/10/08,exact copy of method_ids
C-G2-031,reviewer_confidence,DESIGN,,DESIGN,G2-BATCH-B,69,a5e9800,26/10/08,exact copy of claim_type
C-G2-032,publication_status,G2-BATCH-B,,CONTEXT,G2-BATCH-B,70,a5e9800,26/10/08,exact copy of review_batch
C-G2-032,commercial_reuse,M-G2-014,,CONTEXT,G2-BATCH-B,70,a5e9800,26/10/08,exact copy of method_ids
C-G2-033,publication_status,G2-BATCH-B,,CONTEXT,G2-BATCH-B,71,a5e9800,26/10/08,exact copy of review_batch
C-G2-033,commercial_reuse,M-G2-014,,CONTEXT,G2-BATCH-B,71,a5e9800,26/10/08,exact copy of method_ids
C-G2-033,reviewer_confidence,CONTEXT,,CONTEXT,G2-BATCH-B,71,a5e9800,26/10/08,exact copy of claim_type
C-G2-034,publication_status,G2-BATCH-B,,CONTEXT,G2-BATCH-B,72,a5e9800,26/10/08,exact copy of review_batch
C-G2-034,commercial_reuse,M-G2-014,,CONTEXT,G2-BATCH-B,72,a5e9800,26/10/08,exact copy of method_ids
C-G2-034,reviewer_confidence,CONTEXT,,CONTEXT,G2-BATCH-B,72,a5e9800,26/10/08,exact copy of claim_type
C-G2-035,publication_status,G2-BATCH-B,,CONTEXT,G2-BATCH-B,73,a5e9800,26/10/08,exact copy of review_batch
C-G2-035,commercial_reuse,M-G2-015,,CONTEXT,G2-BATCH-B,73,a5e9800,26/10/08,exact copy of method_ids
C-G2-035,reviewer_confidence,CONTEXT,,CONTEXT,G2-BATCH-B,73,a5e9800,26/10/08,exact copy of claim_type
C-G2-036,publication_status,G2-BATCH-B,,CONTEXT,G2-BATCH-B,74,a5e9800,26/10/08,exact copy of review_batch
C-G2-036,commercial_reuse,M-G2-015,,CONTEXT,G2-BATCH-B,74,a5e9800,26/10/08,exact copy of method_ids
C-G2-036,reviewer_confidence,CONTEXT,,CONTEXT,G2-BATCH-B,74,a5e9800,26/10/08,exact copy of claim_type
C-G2-037,publication_status,G2-BATCH-B,,METHOD_OUTPUT,G2-BATCH-B,75,a5e9800,26/10/08,exact copy of review_batch
C-G2-037,commercial_reuse,M-G2-016,,METHOD_OUTPUT,G2-BATCH-B,75,a5e9800,26/10/08,exact copy of method_ids
C-G2-037,reviewer_confidence,METHOD_OUTPUT,,METHOD_OUTPUT,G2-BATCH-B,75,a5e9800,26/10/08,exact copy of claim_type
C-G2-038,publication_status,G2-BATCH-B,,METHOD_OUTPUT,G2-BATCH-B,76,a5e9800,26/10/08,exact copy of review_batch
C-G2-038,commercial_reuse,M-G2-016,,METHOD_OUTPUT,G2-BATCH-B,76,a5e9800,26/10/08,exact copy of method_ids
C-G2-038,reviewer_confidence,METHOD_OUTPUT,,METHOD_OUTPUT,G2-BATCH-B,76,a5e9800,26/10/08,exact copy of claim_type
C-G2-039,publication_status,G2-BATCH-B,,METHOD_OUTPUT,G2-BATCH-B,77,a5e9800,26/10/08,exact copy of review_batch
C-G2-039,commercial_reuse,M-G2-016,,METHOD_OUTPUT,G2-BATCH-B,77,a5e9800,26/10/08,exact copy of method_ids
C-G2-039,reviewer_confidence,METHOD_OUTPUT,,METHOD_OUTPUT,G2-BATCH-B,77,a5e9800,26/10/08,exact copy of claim_type
C-G2-040,publication_status,G2-BATCH-B,,EFFECT,G2-BATCH-B,78,a5e9800,26/10/08,exact copy of review_batch
C-G2-040,commercial_reuse,M-G2-016,,EFFECT,G2-BATCH-B,78,a5e9800,26/10/08,exact copy of method_ids
C-G2-040,reviewer_confidence,EFFECT,,EFFECT,G2-BATCH-B,78,a5e9800,26/10/08,exact copy of claim_type
C-G2-041,publication_status,G2-BATCH-B,,DESIGN,G2-BATCH-B,79,a5e9800,26/10/08,exact copy of review_batch
C-G2-041,commercial_reuse,M-G2-016,,DESIGN,G2-BATCH-B,79,a5e9800,26/10/08,exact copy of method_ids
C-G2-041,reviewer_confidence,DESIGN,,DESIGN,G2-BATCH-B,79,a5e9800,26/10/08,exact copy of claim_type
C-G2-042,publication_status,G2-BATCH-B,,DESIGN,G2-BATCH-B,80,a5e9800,26/10/08,exact copy of review_batch
C-G2-042,commercial_reuse,M-G2-017,,DESIGN,G2-BATCH-B,80,a5e9800,26/10/08,exact copy of method_ids
C-G2-042,reviewer_confidence,DESIGN,,DESIGN,G2-BATCH-B,80,a5e9800,26/10/08,exact copy of claim_type
C-G2-043,publication_status,G2-BATCH-B,,CONTEXT,G2-BATCH-B,81,a5e9800,26/10/08,exact copy of review_batch
C-G2-043,commercial_reuse,M-G2-018,,CONTEXT,G2-BATCH-B,81,a5e9800,26/10/08,exact copy of method_ids
C-G2-044,publication_status,G2-BATCH-B,,CONTEXT,G2-BATCH-B,82,a5e9800,26/10/08,exact copy of review_batch
C-G2-044,commercial_reuse,M-G2-018,,CONTEXT,G2-BATCH-B,82,a5e9800,26/10/08,exact copy of method_ids
C-G2-045,publication_status,G2-BATCH-B,,CONTEXT,G2-BATCH-B,83,a5e9800,26/10/08,exact copy of review_batch
C-G2-045,commercial_reuse,M-G2-018,,CONTEXT,G2-BATCH-B,83,a5e9800,26/10/08,exact copy of method_ids
C-G2-046,publication_status,G2-BATCH-B,,DESIGN,G2-BATCH-B,84,a5e9800,26/10/08,exact copy of review_batch
C-G2-046,commercial_reuse,M-G2-018,,DESIGN,G2-BATCH-B,84,a5e9800,26/10/08,exact copy of method_ids
C-G2-046,reviewer_confidence,DESIGN,,DESIGN,G2-BATCH-B,84,a5e9800,26/10/08,exact copy of claim_type
C-G2-047,publication_status,G2-BATCH-B,,CONTEXT,G2-BATCH-B,85,a5e9800,26/10/08,exact copy of review_batch
C-G2-047,commercial_reuse,M-G2-019,,CONTEXT,G2-BATCH-B,85,a5e9800,26/10/08,exact copy of method_ids
C-G2-048,publication_status,G2-BATCH-B,,DESIGN,G2-BATCH-B,86,a5e9800,26/10/08,exact copy of review_batch
C-G2-048,commercial_reuse,M-G2-019,,DESIGN,G2-BATCH-B,86,a5e9800,26/10/08,exact copy of method_ids
C-G2-048,reviewer_confidence,DESIGN,,DESIGN,G2-BATCH-B,86,a5e9800,26/10/08,exact copy of claim_type
C-G2-049,publication_status,G2-BATCH-B,,CONTEXT,G2-BATCH-B,87,a5e9800,26/10/08,exact copy of review_batch
C-G2-049,commercial_reuse,M-G2-020,,CONTEXT,G2-BATCH-B,87,a5e9800,26/10/08,exact copy of method_ids
C-G2-050,publication_status,G2-BATCH-B,,CONTEXT,G2-BATCH-B,88,a5e9800,26/10/08,exact copy of review_batch
C-G2-050,commercial_reuse,M-G2-020,,CONTEXT,G2-BATCH-B,88,a5e9800,26/10/08,exact copy of method_ids
C-G2-051,publication_status,G2-BATCH-B,,CONTEXT,G2-BATCH-B,89,a5e9800,26/10/08,exact copy of review_batch
C-G2-051,commercial_reuse,M-G2-020,,CONTEXT,G2-BATCH-B,89,a5e9800,26/10/08,exact copy of method_ids
C-G2-051,reviewer_confidence,CONTEXT,,CONTEXT,G2-BATCH-B,89,a5e9800,26/10/08,exact copy of claim_type
C-G2-052,publication_status,G2-BATCH-B,,METHOD_OUTPUT,G2-BATCH-B,90,a5e9800,26/10/08,exact copy of review_batch
C-G2-052,commercial_reuse,M-G2-021,,METHOD_OUTPUT,G2-BATCH-B,90,a5e9800,26/10/08,exact copy of method_ids
C-G2-052,reviewer_confidence,METHOD_OUTPUT,,METHOD_OUTPUT,G2-BATCH-B,90,a5e9800,26/10/08,exact copy of claim_type
C-G2-053,publication_status,G2-BATCH-B,,CONTEXT,G2-BATCH-B,91,a5e9800,26/10/08,exact copy of review_batch
C-G2-053,commercial_reuse,M-G2-021,,CONTEXT,G2-BATCH-B,91,a5e9800,26/10/08,exact copy of method_ids
C-G2-054,publication_status,G2-BATCH-B,,EFFECT,G2-BATCH-B,92,a5e9800,26/10/08,exact copy of review_batch
C-G2-054,commercial_reuse,M-G2-021,,EFFECT,G2-BATCH-B,92,a5e9800,26/10/08,exact copy of method_ids
C-G2-054,reviewer_confidence,EFFECT,,EFFECT,G2-BATCH-B,92,a5e9800,26/10/08,exact copy of claim_type
C-G2-055,publication_status,G2-BATCH-B,,EFFECT,G2-BATCH-B,93,a5e9800,26/10/08,exact copy of review_batch
C-G2-055,commercial_reuse,M-G2-021,,EFFECT,G2-BATCH-B,93,a5e9800,26/10/08,exact copy of method_ids
C-G2-055,reviewer_confidence,EFFECT,,EFFECT,G2-BATCH-B,93,a5e9800,26/10/08,exact copy of claim_type
C-G2-056,publication_status,G2-BATCH-B,,EFFECT,G2-BATCH-B,94,a5e9800,26/10/08,exact copy of review_batch
C-G2-056,commercial_reuse,M-G2-021,,EFFECT,G2-BATCH-B,94,a5e9800,26/10/08,exact copy of method_ids
C-G2-056,reviewer_confidence,EFFECT,,EFFECT,G2-BATCH-B,94,a5e9800,26/10/08,exact copy of claim_type
C-G2-057,publication_status,G2-BATCH-B,,EFFECT,G2-BATCH-B,95,a5e9800,26/10/08,exact copy of review_batch
C-G2-057,commercial_reuse,M-G2-021,,EFFECT,G2-BATCH-B,95,a5e9800,26/10/08,exact copy of method_ids
C-G2-057,reviewer_confidence,EFFECT,,EFFECT,G2-BATCH-B,95,a5e9800,26/10/08,exact copy of claim_type
C-G2-058,publication_status,G2-BATCH-B,,CONTEXT,G2-BATCH-B,96,a5e9800,26/10/08,exact copy of review_batch
C-G2-058,commercial_reuse,M-G2-021,,CONTEXT,G2-BATCH-B,96,a5e9800,26/10/08,exact copy of method_ids
C-G2-059,publication_status,G2-BATCH-B,,CONTEXT,G2-BATCH-B,97,a5e9800,26/10/08,exact copy of review_batch
C-G2-059,commercial_reuse,M-G2-022,,CONTEXT,G2-BATCH-B,97,a5e9800,26/10/08,exact copy of method_ids
C-G2-060,publication_status,G2-BATCH-B,,DESIGN,G2-BATCH-B,98,a5e9800,26/10/08,exact copy of review_batch
C-G2-060,commercial_reuse,M-G2-022,,DESIGN,G2-BATCH-B,98,a5e9800,26/10/08,exact copy of method_ids
C-G2-060,reviewer_confidence,DESIGN,,DESIGN,G2-BATCH-B,98,a5e9800,26/10/08,exact copy of claim_type
C-G2-061,publication_status,G2-BATCH-B,,CONTEXT,G2-BATCH-B,99,a5e9800,26/10/08,exact copy of review_batch
C-G2-061,commercial_reuse,M-G2-022,,CONTEXT,G2-BATCH-B,99,a5e9800,26/10/08,exact copy of method_ids
C-G2-061,reviewer_confidence,CONTEXT,,CONTEXT,G2-BATCH-B,99,a5e9800,26/10/08,exact copy of claim_type
C-G2-062,publication_status,G2-BATCH-B,,CONTEXT,G2-BATCH-B,100,a5e9800,26/10/08,exact copy of review_batch
C-G2-062,commercial_reuse,M-G2-023,,CONTEXT,G2-BATCH-B,100,a5e9800,26/10/08,exact copy of method_ids
C-G2-063,publication_status,G2-BATCH-B,,DESIGN,G2-BATCH-B,101,a5e9800,26/10/08,exact copy of review_batch
C-G2-063,commercial_reuse,M-G2-023,,DESIGN,G2-BATCH-B,101,a5e9800,26/10/08,exact copy of method_ids
C-G2-063,reviewer_confidence,DESIGN,,DESIGN,G2-BATCH-B,101,a5e9800,26/10/08,exact copy of claim_type
C-G2-064,publication_status,G2-BATCH-B,,CONTEXT,G2-BATCH-B,102,a5e9800,26/10/08,exact copy of review_batch
C-G2-064,commercial_reuse,M-G2-024,,CONTEXT,G2-BATCH-B,102,a5e9800,26/10/08,exact copy of method_ids
C-G2-065,publication_status,G2-BATCH-B,,DESIGN,G2-BATCH-B,103,a5e9800,26/10/08,exact copy of review_batch
C-G2-065,commercial_reuse,M-G2-024,,DESIGN,G2-BATCH-B,103,a5e9800,26/10/08,exact copy of method_ids
C-G2-065,reviewer_confidence,DESIGN,,DESIGN,G2-BATCH-B,103,a5e9800,26/10/08,exact copy of claim_type
C-G2-066,publication_status,G2-BATCH-B,,CONTEXT,G2-BATCH-B,104,a5e9800,26/10/08,exact copy of review_batch
C-G2-066,commercial_reuse,M-G2-025,,CONTEXT,G2-BATCH-B,104,a5e9800,26/10/08,exact copy of method_ids
C-G2-067,publication_status,G2-BATCH-B,,CONTEXT,G2-BATCH-B,105,a5e9800,26/10/08,exact copy of review_batch
C-G2-067,commercial_reuse,M-G2-026,,CONTEXT,G2-BATCH-B,105,a5e9800,26/10/08,exact copy of method_ids
C-G2-068,publication_status,G2-BATCH-B,,CONTEXT,G2-BATCH-B,106,a5e9800,26/10/08,exact copy of review_batch
C-G2-068,commercial_reuse,M-G2-026,,CONTEXT,G2-BATCH-B,106,a5e9800,26/10/08,exact copy of method_ids
C-G2-069,publication_status,G2-BATCH-B,,DESIGN,G2-BATCH-B,107,a5e9800,26/10/08,exact copy of review_batch
C-G2-069,commercial_reuse,M-G2-026,,DESIGN,G2-BATCH-B,107,a5e9800,26/10/08,exact copy of method_ids
C-G2-069,reviewer_confidence,DESIGN,,DESIGN,G2-BATCH-B,107,a5e9800,26/10/08,exact copy of claim_type
C-G2-070,publication_status,G2-BATCH-B,,CONTEXT,G2-BATCH-B,108,a5e9800,26/10/08,exact copy of review_batch
C-G2-070,commercial_reuse,M-G2-027,,CONTEXT,G2-BATCH-B,108,a5e9800,26/10/08,exact copy of method_ids
C-G2-071,publication_status,G2-BATCH-B,,CONTEXT,G2-BATCH-B,109,a5e9800,26/10/08,exact copy of review_batch
C-G2-071,commercial_reuse,M-G2-027,,CONTEXT,G2-BATCH-B,109,a5e9800,26/10/08,exact copy of method_ids
C-G2-072,publication_status,G2-BATCH-B,,METHOD_OUTPUT,G2-BATCH-B,110,a5e9800,26/10/08,exact copy of review_batch
C-G2-072,commercial_reuse,M-G2-027,,METHOD_OUTPUT,G2-BATCH-B,110,a5e9800,26/10/08,exact copy of method_ids
C-G2-072,reviewer_confidence,METHOD_OUTPUT,,METHOD_OUTPUT,G2-BATCH-B,110,a5e9800,26/10/08,exact copy of claim_type
C-G2-073,publication_status,G2-BATCH-B,,DESIGN,G2-BATCH-B,111,a5e9800,26/10/08,exact copy of review_batch
C-G2-073,commercial_reuse,M-G2-027,,DESIGN,G2-BATCH-B,111,a5e9800,26/10/08,exact copy of method_ids
C-G2-073,reviewer_confidence,DESIGN,,DESIGN,G2-BATCH-B,111,a5e9800,26/10/08,exact copy of claim_type
C-G2-074,publication_status,G2-BATCH-B,,DESIGN,G2-BATCH-B,112,a5e9800,26/10/08,exact copy of review_batch
C-G2-074,commercial_reuse,M-G2-027,,DESIGN,G2-BATCH-B,112,a5e9800,26/10/08,exact copy of method_ids
C-G2-074,reviewer_confidence,DESIGN,,DESIGN,G2-BATCH-B,112,a5e9800,26/10/08,exact copy of claim_type
C-G2-075,publication_status,G2-BATCH-B,,CONTEXT,G2-BATCH-B,113,a5e9800,26/10/08,exact copy of review_batch
C-G2-075,commercial_reuse,M-G2-028,,CONTEXT,G2-BATCH-B,113,a5e9800,26/10/08,exact copy of method_ids
C-G2-076,publication_status,G2-BATCH-B,,CONTEXT,G2-BATCH-B,114,a5e9800,26/10/08,exact copy of review_batch
C-G2-076,commercial_reuse,M-G2-028,,CONTEXT,G2-BATCH-B,114,a5e9800,26/10/08,exact copy of method_ids
C-G2-076,reviewer_confidence,CONTEXT,,CONTEXT,G2-BATCH-B,114,a5e9800,26/10/08,exact copy of claim_type
C-G2-077,publication_status,G2-BATCH-B,,CONTEXT,G2-BATCH-B,115,a5e9800,26/10/08,exact copy of review_batch
C-G2-077,commercial_reuse,M-G2-028,,CONTEXT,G2-BATCH-B,115,a5e9800,26/10/08,exact copy of method_ids
C-G2-077,reviewer_confidence,CONTEXT,,CONTEXT,G2-BATCH-B,115,a5e9800,26/10/08,exact copy of claim_type
C-G2-078,publication_status,G2-BATCH-C,,CONTEXT,G2-BATCH-C,116,a5e9800,26/10/08,exact copy of review_batch
C-G2-079,publication_status,G2-BATCH-C,,CONTEXT,G2-BATCH-C,117,a5e9800,26/10/08,exact copy of review_batch
C-G2-080,publication_status,G2-BATCH-C,,CONTEXT,G2-BATCH-C,118,a5e9800,26/10/08,exact copy of review_batch
C-G2-081,publication_status,G2-BATCH-C,,CONTEXT,G2-BATCH-C,119,a5e9800,26/10/08,exact copy of review_batch
C-G2-082,publication_status,G2-BATCH-C,,CONTEXT,G2-BATCH-C,120,a5e9800,26/10/08,exact copy of review_batch
C-G2-083,publication_status,G2-BATCH-C,,CONTEXT,G2-BATCH-C,121,a5e9800,26/10/08,exact copy of review_batch
C-G2-084,publication_status,G2-BATCH-C,,CONTEXT,G2-BATCH-C,122,a5e9800,26/10/08,exact copy of review_batch
C-G2-085,publication_status,G2-BATCH-C,,CONTEXT,G2-BATCH-C,123,a5e9800,26/10/08,exact copy of review_batch
C-G2-086,publication_status,G2-BATCH-C,,CONTEXT,G2-BATCH-C,124,a5e9800,26/10/08,exact copy of review_batch
C-G2-087,publication_status,G2-BATCH-C,,CONTEXT,G2-BATCH-C,125,a5e9800,26/10/08,exact copy of review_batch
C-G2-088,publication_status,G2-BATCH-C,,METHOD_OUTPUT,G2-BATCH-C,126,a5e9800,26/10/08,exact copy of review_batch
C-G2-089,publication_status,G2-BATCH-C,,METHOD_OUTPUT,G2-BATCH-C,127,a5e9800,26/10/08,exact copy of review_batch
C-G2-090,publication_status,G2-BATCH-C,,METHOD_OUTPUT,G2-BATCH-C,128,a5e9800,26/10/08,exact copy of review_batch
C-G2-091,publication_status,G2-BATCH-C,,DESIGN,G2-BATCH-C,129,a5e9800,26/10/08,exact copy of review_batch
C-G2-092,publication_status,G2-BATCH-C,,DESIGN,G2-BATCH-C,130,a5e9800,26/10/08,exact copy of review_batch
C-G2-093,publication_status,G2-BATCH-C,,DESIGN,G2-BATCH-C,131,a5e9800,26/10/08,exact copy of review_batch
C-G2-094,publication_status,G2-BATCH-C,,DESIGN,G2-BATCH-C,132,a5e9800,26/10/08,exact copy of review_batch
C-G2-095,publication_status,G2-BATCH-C,,DESIGN,G2-BATCH-C,133,a5e9800,26/10/08,exact copy of review_batch
C-G2-096,publication_status,G2-BATCH-C,,CONTEXT,G2-BATCH-C,134,a5e9800,26/10/08,exact copy of review_batch
C-G2-097,publication_status,G2-BATCH-C,,EFFECT,G2-BATCH-C,135,a5e9800,26/10/08,exact copy of review_batch
C-G2-098,publication_status,G2-BATCH-C,,EFFECT,G2-BATCH-C,136,a5e9800,26/10/08,exact copy of review_batch
C-G2-099,publication_status,G2-BATCH-C,,EFFECT,G2-BATCH-C,137,a5e9800,26/10/08,exact copy of review_batch
C-G2-100,publication_status,G2-BATCH-C,,EFFECT,G2-BATCH-C,138,a5e9800,26/10/08,exact copy of review_batch
C-G2-101,publication_status,G2-BATCH-C,,CONTEXT,G2-BATCH-C,139,a5e9800,26/10/08,exact copy of review_batch
C-G2-102,publication_status,G2-BATCH-C,,CONTEXT,G2-BATCH-C,140,a5e9800,26/10/08,exact copy of review_batch
C-G2-103,publication_status,G2-BATCH-C,,CONTEXT,G2-BATCH-C,141,a5e9800,26/10/08,exact copy of review_batch
C-G2-104,publication_status,G2-BATCH-C,,CONTEXT,G2-BATCH-C,142,a5e9800,26/10/08,exact copy of review_batch
C-G2-105,publication_status,G2-BATCH-C,,CONTEXT,G2-BATCH-C,143,a5e9800,26/10/08,exact copy of review_batch
C-G2-106,publication_status,G2-BATCH-C,,CONTEXT,G2-BATCH-C,144,a5e9800,26/10/08,exact copy of review_batch
C-G2-107,publication_status,G2-BATCH-C,,METHOD_OUTPUT,G2-BATCH-C,145,a5e9800,26/10/08,exact copy of review_batch
C-G2-108,publication_status,G2-BATCH-C,,METHOD_OUTPUT,G2-BATCH-C,146,a5e9800,26/10/08,exact copy of review_batch
C-G2-109,publication_status,G2-BATCH-C,,METHOD_OUTPUT,G2-BATCH-C,147,a5e9800,26/10/08,exact copy of review_batch
C-G2-110,publication_status,G2-BATCH-C,,METHOD_OUTPUT,G2-BATCH-C,148,a5e9800,26/10/08,exact copy of review_batch
C-G2-111,publication_status,G2-BATCH-C,,METHOD_OUTPUT,G2-BATCH-C,149,a5e9800,26/10/08,exact copy of review_batch
C-G2-112,publication_status,G2-BATCH-C,,METHOD_OUTPUT,G2-BATCH-C,150,a5e9800,26/10/08,exact copy of review_batch
C-G2-113,publication_status,G2-BATCH-C,,METHOD_OUTPUT,G2-BATCH-C,151,a5e9800,26/10/08,exact copy of review_batch
C-G2-114,publication_status,G2-BATCH-C,,METHOD_OUTPUT,G2-BATCH-C,152,a5e9800,26/10/08,exact copy of review_batch
C-G2-115,publication_status,G2-BATCH-C,,METHOD_OUTPUT,G2-BATCH-C,153,a5e9800,26/10/08,exact copy of review_batch
C-G2-116,publication_status,G2-BATCH-C,,METHOD_OUTPUT,G2-BATCH-C,154,a5e9800,26/10/08,exact copy of review_batch
C-G2-117,publication_status,G2-BATCH-C,,EFFECT,G2-BATCH-C,155,a5e9800,26/10/08,exact copy of review_batch
C-G2-118,publication_status,G2-BATCH-C,,EFFECT,G2-BATCH-C,156,a5e9800,26/10/08,exact copy of review_batch
C-G2-119,publication_status,G2-BATCH-C,,EFFECT,G2-BATCH-C,157,a5e9800,26/10/08,exact copy of review_batch
C-G2-120,publication_status,G2-BATCH-C,,EFFECT,G2-BATCH-C,158,a5e9800,26/10/08,exact copy of review_batch
C-G2-121,publication_status,G2-BATCH-C,,EFFECT,G2-BATCH-C,159,a5e9800,26/10/08,exact copy of review_batch
C-G2-122,publication_status,G2-BATCH-C,,EFFECT,G2-BATCH-C,160,a5e9800,26/10/08,exact copy of review_batch
C-G2-123,publication_status,G2-BATCH-C,,EFFECT,G2-BATCH-C,161,a5e9800,26/10/08,exact copy of review_batch
C-G2-124,publication_status,G2-BATCH-C,,DESIGN,G2-BATCH-C,162,a5e9800,26/10/08,exact copy of review_batch
C-G2-125,publication_status,G2-BATCH-C,,DESIGN,G2-BATCH-C,163,a5e9800,26/10/08,exact copy of review_batch
C-G2-126,publication_status,G2-BATCH-C,,DESIGN,G2-BATCH-C,164,a5e9800,26/10/08,exact copy of review_batch
C-G2-127,publication_status,G2-BATCH-C,,DESIGN,G2-BATCH-C,165,a5e9800,26/10/08,exact copy of review_batch
C-G2-128,publication_status,G2-BATCH-C,,EFFECT,G2-BATCH-C,166,a5e9800,26/10/08,exact copy of review_batch
C-G2-129,publication_status,G2-BATCH-C,,EFFECT,G2-BATCH-C,167,a5e9800,26/10/08,exact copy of review_batch
C-G2-130,publication_status,G2-BATCH-C,,EFFECT,G2-BATCH-C,168,a5e9800,26/10/08,exact copy of review_batch
C-G2-131,publication_status,G2-BATCH-C,,CONTEXT,G2-BATCH-C,169,a5e9800,26/10/08,exact copy of review_batch
C-G2-132,publication_status,G2-BATCH-C,,CONTEXT,G2-BATCH-C,170,a5e9800,26/10/08,exact copy of review_batch
C-G2-133,publication_status,G2-BATCH-C,,CONTEXT,G2-BATCH-C,171,a5e9800,26/10/08,exact copy of review_batch
C-G2-134,publication_status,G2-BATCH-C,,METHOD_OUTPUT,G2-BATCH-C,172,a5e9800,26/10/08,exact copy of review_batch
C-G2-135,publication_status,G2-BATCH-C,,METHOD_OUTPUT,G2-BATCH-C,173,a5e9800,26/10/08,exact copy of review_batch
C-G2-136,publication_status,G2-BATCH-C,,METHOD_OUTPUT,G2-BATCH-C,174,a5e9800,26/10/08,exact copy of review_batch
C-G2-137,publication_status,G2-BATCH-C,,METHOD_OUTPUT,G2-BATCH-C,175,a5e9800,26/10/08,exact copy of review_batch
C-G2-138,publication_status,G2-BATCH-C,,METHOD_OUTPUT,G2-BATCH-C,176,a5e9800,26/10/08,exact copy of review_batch
C-G2-139,publication_status,G2-BATCH-C,,METHOD_OUTPUT,G2-BATCH-C,177,a5e9800,26/10/08,exact copy of review_batch
C-G2-140,publication_status,G2-BATCH-C,,DESIGN,G2-BATCH-C,178,a5e9800,26/10/08,exact copy of review_batch
C-G2-141,publication_status,G2-BATCH-C,,DESIGN,G2-BATCH-C,179,a5e9800,26/10/08,exact copy of review_batch
C-G2-142,publication_status,G2-BATCH-C,,DESIGN,G2-BATCH-C,180,a5e9800,26/10/08,exact copy of review_batch
C-G2-143,publication_status,G2-BATCH-C,,EFFECT,G2-BATCH-C,181,a5e9800,26/10/08,exact copy of review_batch
C-G2-144,publication_status,G2-BATCH-C,,EFFECT,G2-BATCH-C,182,a5e9800,26/10/08,exact copy of review_batch
C-G2-145,publication_status,G2-BATCH-C,,EFFECT,G2-BATCH-C,183,a5e9800,26/10/08,exact copy of review_batch
C-G2-146,publication_status,G2-BATCH-C,,EFFECT,G2-BATCH-C,184,a5e9800,26/10/08,exact copy of review_batch
C-G2-147,publication_status,G2-BATCH-C,,EFFECT,G2-BATCH-C,185,a5e9800,26/10/08,exact copy of review_batch
C-G2-148,publication_status,G2-BATCH-C,,CONTEXT,G2-BATCH-C,186,a5e9800,26/10/08,exact copy of review_batch
C-G2-149,publication_status,G2-BATCH-C,,CONTEXT,G2-BATCH-C,187,a5e9800,26/10/08,exact copy of review_batch
C-G2-150,publication_status,G2-BATCH-C,,CONTEXT,G2-BATCH-C,188,a5e9800,26/10/08,exact copy of review_batch
C-G2-151,publication_status,G2-BATCH-C,,CONTEXT,G2-BATCH-C,189,a5e9800,26/10/08,exact copy of review_batch
C-G2-152,publication_status,G2-BATCH-C,,CONTEXT,G2-BATCH-C,190,a5e9800,26/10/08,exact copy of review_batch
C-G2-153,publication_status,G2-BATCH-C,,CONTEXT,G2-BATCH-C,191,a5e9800,26/10/08,exact copy of review_batch
C-G2-154,publication_status,G2-BATCH-C,,METHOD_OUTPUT,G2-BATCH-C,192,a5e9800,26/10/08,exact copy of review_batch
C-G2-155,publication_status,G2-BATCH-C,,METHOD_OUTPUT,G2-BATCH-C,193,a5e9800,26/10/08,exact copy of review_batch
C-G2-156,publication_status,G2-BATCH-C,,DESIGN,G2-BATCH-C,194,a5e9800,26/10/08,exact copy of review_batch
C-G2-157,publication_status,G2-BATCH-C,,EFFECT,G2-BATCH-C,195,a5e9800,26/10/08,exact copy of review_batch
C-G2-158,publication_status,G2-BATCH-C,,EFFECT,G2-BATCH-C,196,a5e9800,26/10/08,exact copy of review_batch
C-G2-159,publication_status,G2-BATCH-C,,CONTEXT,G2-BATCH-C,197,a5e9800,26/10/08,exact copy of review_batch
C-G2-160,publication_status,G2-BATCH-C,,CONTEXT,G2-BATCH-C,198,a5e9800,26/10/08,exact copy of review_batch
C-G2-161,publication_status,G2-BATCH-C,,CONTEXT,G2-BATCH-C,199,a5e9800,26/10/08,exact copy of review_batch
C-G2-162,publication_status,G2-BATCH-C,,CONTEXT,G2-BATCH-C,200,a5e9800,26/10/08,exact copy of review_batch
C-G2-163,publication_status,G2-BATCH-C,,CONTEXT,G2-BATCH-C,201,a5e9800,26/10/08,exact copy of review_batch
C-G2-164,publication_status,G2-BATCH-C,,CONTEXT,G2-BATCH-C,202,a5e9800,26/10/08,exact copy of review_batch
C-G2-165,publication_status,G2-BATCH-C,,DESIGN,G2-BATCH-C,203,a5e9800,26/10/08,exact copy of review_batch
C-G2-166,publication_status,G2-BATCH-C,,DESIGN,G2-BATCH-C,204,a5e9800,26/10/08,exact copy of review_batch
C-G2-167,publication_status,G2-BATCH-C,,DESIGN,G2-BATCH-C,205,a5e9800,26/10/08,exact copy of review_batch
C-G2-168,publication_status,G2-BATCH-C,,EFFECT,G2-BATCH-C,206,a5e9800,26/10/08,exact copy of review_batch
C-G2-169,publication_status,G2-BATCH-C,,EFFECT,G2-BATCH-C,207,a5e9800,26/10/08,exact copy of review_batch
C-G2-170,publication_status,G2-BATCH-C,,EFFECT,G2-BATCH-C,208,a5e9800,26/10/08,exact copy of review_batch
C-G2-171,publication_status,G2-BATCH-C,,CONTEXT,G2-BATCH-C,209,a5e9800,26/10/08,exact copy of review_batch
C-G2-172,publication_status,G2-BATCH-C,,CONTEXT,G2-BATCH-C,210,a5e9800,26/10/08,exact copy of review_batch
C-G2-173,publication_status,G2-BATCH-C,,METHOD_OUTPUT,G2-BATCH-C,211,a5e9800,26/10/08,exact copy of review_batch
C-G2-174,publication_status,G2-BATCH-C,,METHOD_OUTPUT,G2-BATCH-C,212,a5e9800,26/10/08,exact copy of review_batch
C-G2-175,publication_status,G2-BATCH-C,,DESIGN,G2-BATCH-C,213,a5e9800,26/10/08,exact copy of review_batch
C-G2-176,publication_status,G2-BATCH-C,,DESIGN,G2-BATCH-C,214,a5e9800,26/10/08,exact copy of review_batch
C-G2-177,publication_status,G2-BATCH-C,,EFFECT,G2-BATCH-C,215,a5e9800,26/10/08,exact copy of review_batch
C-G2-178,publication_status,G2-BATCH-C,,EFFECT,G2-BATCH-C,216,a5e9800,26/10/08,exact copy of review_batch
C-G2-179,publication_status,G2-BATCH-C,,EFFECT,G2-BATCH-C,217,a5e9800,26/10/08,exact copy of review_batch
C-G2-180,publication_status,G2-BATCH-C,,EFFECT,G2-BATCH-C,218,a5e9800,26/10/08,exact copy of review_batch
C-G2-181,publication_status,G2-BATCH-C,,EFFECT,G2-BATCH-C,219,a5e9800,26/10/08,exact copy of review_batch
C-G2-182,publication_status,G2-BATCH-D,,CONTEXT,G2-BATCH-D,220,a5e9800,26/10/08,exact copy of review_batch
C-G2-183,publication_status,G2-BATCH-D,,METHOD_OUTPUT,G2-BATCH-D,221,a5e9800,26/10/08,exact copy of review_batch
C-G2-184,publication_status,G2-BATCH-D,,METHOD_OUTPUT,G2-BATCH-D,222,a5e9800,26/10/08,exact copy of review_batch
C-G2-185,publication_status,G2-BATCH-D,,DESIGN,G2-BATCH-D,223,a5e9800,26/10/08,exact copy of review_batch
C-G2-186,publication_status,G2-BATCH-D,,DESIGN,G2-BATCH-D,224,a5e9800,26/10/08,exact copy of review_batch
C-G2-187,publication_status,G2-BATCH-D,,METHOD_OUTPUT,G2-BATCH-D,225,a5e9800,26/10/08,exact copy of review_batch
C-G2-188,publication_status,G2-BATCH-D,,CONTEXT,G2-BATCH-D,226,a5e9800,26/10/08,exact copy of review_batch
C-G2-189,publication_status,G2-BATCH-D,,EFFECT,G2-BATCH-D,227,a5e9800,26/10/08,exact copy of review_batch
C-G2-190,publication_status,G2-BATCH-D,,EFFECT,G2-BATCH-D,228,a5e9800,26/10/08,exact copy of review_batch
C-G2-191,publication_status,G2-BATCH-D,,METHOD_OUTPUT,G2-BATCH-D,229,a5e9800,26/10/08,exact copy of review_batch
C-G2-192,publication_status,G2-BATCH-D,,DESIGN,G2-BATCH-D,230,a5e9800,26/10/08,exact copy of review_batch
C-G2-193,publication_status,G2-BATCH-D,,METHOD_OUTPUT,G2-BATCH-D,231,a5e9800,26/10/08,exact copy of review_batch
C-G2-194,publication_status,G2-BATCH-D,,DESIGN,G2-BATCH-D,232,a5e9800,26/10/08,exact copy of review_batch
C-G2-195,publication_status,G2-BATCH-D,,DESIGN,G2-BATCH-D,233,a5e9800,26/10/08,exact copy of review_batch
C-G2-196,publication_status,G2-BATCH-D,,DESIGN,G2-BATCH-D,234,a5e9800,26/10/08,exact copy of review_batch
C-G2-197,publication_status,G2-BATCH-D,,DESIGN,G2-BATCH-D,235,a5e9800,26/10/08,exact copy of review_batch
C-G2-198,publication_status,G2-BATCH-D,,DESIGN,G2-BATCH-D,236,a5e9800,26/10/08,exact copy of review_batch
C-G2-199,publication_status,G2-BATCH-D,,DESIGN,G2-BATCH-D,237,a5e9800,26/10/08,exact copy of review_batch
C-G2-200,publication_status,G2-BATCH-D,,CONTEXT,G2-BATCH-D,238,a5e9800,26/10/08,exact copy of review_batch
C-G2-201,publication_status,G2-BATCH-D,,CONTEXT,G2-BATCH-D,239,a5e9800,26/10/08,exact copy of review_batch
C-G2-202,publication_status,G2-BATCH-D,,METHOD_OUTPUT,G2-BATCH-D,240,a5e9800,26/10/08,exact copy of review_batch
C-G2-203,publication_status,G2-BATCH-D,,METHOD_OUTPUT,G2-BATCH-D,241,a5e9800,26/10/08,exact copy of review_batch
C-G2-204,publication_status,G2-BATCH-D,,CONTEXT,G2-BATCH-D,242,a5e9800,26/10/08,exact copy of review_batch
C-G2-205,publication_status,G2-BATCH-D,,CONTEXT,G2-BATCH-D,243,a5e9800,26/10/08,exact copy of review_batch
C-G2-206,publication_status,G2-BATCH-D,,METHOD_OUTPUT,G2-BATCH-D,244,a5e9800,26/10/08,exact copy of review_batch
C-G2-207,publication_status,G2-BATCH-D,,METHOD_OUTPUT,G2-BATCH-D,245,a5e9800,26/10/08,exact copy of review_batch
C-G2-208,publication_status,G2-BATCH-D,,CONTEXT,G2-BATCH-D,246,a5e9800,26/10/08,exact copy of review_batch
C-G2-209,publication_status,G2-BATCH-D,,DESIGN,G2-BATCH-D,247,a5e9800,26/10/08,exact copy of review_batch
C-G2-210,publication_status,G2-BATCH-D,,DESIGN,G2-BATCH-D,248,a5e9800,26/10/08,exact copy of review_batch
C-G2-211,publication_status,G2-BATCH-D,,CONTEXT,G2-BATCH-D,249,a5e9800,26/10/08,exact copy of review_batch
C-G2-212,publication_status,G2-BATCH-D,,CONTEXT,G2-BATCH-D,250,a5e9800,26/10/08,exact copy of review_batch
C-G2-213,publication_status,G2-BATCH-D,,CONTEXT,G2-BATCH-D,251,a5e9800,26/10/08,exact copy of review_batch
C-G2-214,publication_status,G2-BATCH-D,,CONTEXT,G2-BATCH-D,252,a5e9800,26/10/08,exact copy of review_batch
C-G2-215,publication_status,G2-BATCH-D,,CONTEXT,G2-BATCH-D,253,a5e9800,26/10/08,exact copy of review_batch
C-G2-216,publication_status,G2-BATCH-D,,DESIGN,G2-BATCH-D,254,a5e9800,26/10/08,exact copy of review_batch
C-G2-217,publication_status,G2-BATCH-D,,DESIGN,G2-BATCH-D,255,a5e9800,26/10/08,exact copy of review_batch
C-G2-218,publication_status,G2-BATCH-D,,CONTEXT,G2-BATCH-D,256,a5e9800,26/10/08,exact copy of review_batch
C-G2-219,publication_status,G2-BATCH-D,,EFFECT,G2-BATCH-D,257,a5e9800,26/10/08,exact copy of review_batch
C-G2-220,publication_status,G2-BATCH-D,,CONTEXT,G2-BATCH-D,258,a5e9800,26/10/08,exact copy of review_batch
C-G2-221,publication_status,G2-BATCH-D,,EFFECT,G2-BATCH-D,259,a5e9800,26/10/08,exact copy of review_batch
C-G2-222,publication_status,G2-BATCH-D,,EFFECT,G2-BATCH-D,260,a5e9800,26/10/08,exact copy of review_batch
C-G2-223,publication_status,G2-BATCH-D,,EFFECT,G2-BATCH-D,261,a5e9800,26/10/08,exact copy of review_batch
C-G2-224,publication_status,G2-BATCH-D,,EFFECT,G2-BATCH-D,262,a5e9800,26/10/08,exact copy of review_batch
C-G2-225,publication_status,G2-BATCH-D,,EFFECT,G2-BATCH-D,263,a5e9800,26/10/08,exact copy of review_batch
C-G2-226,publication_status,G2-BATCH-D,,METHOD_OUTPUT,G2-BATCH-D,264,a5e9800,26/10/08,exact copy of review_batch
C-G2-227,publication_status,G2-BATCH-D,,CONTEXT,G2-BATCH-D,265,a5e9800,26/10/08,exact copy of review_batch
C-G2-228,publication_status,G2-BATCH-D,,DESIGN,G2-BATCH-D,266,a5e9800,26/10/08,exact copy of review_batch
C-G2-229,publication_status,G2-BATCH-D,,DESIGN,G2-BATCH-D,267,a5e9800,26/10/08,exact copy of review_batch
C-G2-230,publication_status,G2-BATCH-D,,DESIGN,G2-BATCH-D,268,a5e9800,26/10/08,exact copy of review_batch
C-G2-231,publication_status,G2-BATCH-D,,DESIGN,G2-BATCH-D,269,a5e9800,26/10/08,exact copy of review_batch
C-G2-232,publication_status,G2-BATCH-D,,METHOD_OUTPUT,G2-BATCH-D,270,a5e9800,26/10/08,exact copy of review_batch
C-G2-233,publication_status,G2-BATCH-D,,METHOD_OUTPUT,G2-BATCH-D,271,a5e9800,26/10/08,exact copy of review_batch
C-G2-234,publication_status,G2-BATCH-D,,METHOD_OUTPUT,G2-BATCH-D,272,a5e9800,26/10/08,exact copy of review_batch
C-G2-235,publication_status,G2-BATCH-D,,EFFECT,G2-BATCH-D,273,a5e9800,26/10/08,exact copy of review_batch
C-G2-236,publication_status,G2-BATCH-D,,EFFECT,G2-BATCH-D,274,a5e9800,26/10/08,exact copy of review_batch
C-G2-237,publication_status,G2-BATCH-D,,METHOD_OUTPUT,G2-BATCH-D,275,a5e9800,26/10/08,exact copy of review_batch
C-G2-238,publication_status,G2-BATCH-D,,EFFECT,G2-BATCH-D,276,a5e9800,26/10/08,exact copy of review_batch
C-G2-239,publication_status,G2-BATCH-D,,METHOD_OUTPUT,G2-BATCH-D,277,a5e9800,26/10/08,exact copy of review_batch
C-G2-240,publication_status,G2-BATCH-D,,DESIGN,G2-BATCH-D,278,a5e9800,26/10/08,exact copy of review_batch
C-G2-241,publication_status,G2-BATCH-D,,DESIGN,G2-BATCH-D,279,a5e9800,26/10/08,exact copy of review_batch
C-G2-242,publication_status,G2-BATCH-D,,CONTEXT,G2-BATCH-D,280,a5e9800,26/10/08,exact copy of review_batch
C-G2-243,publication_status,G2-BATCH-D,,DESIGN,G2-BATCH-D,281,a5e9800,26/10/08,exact copy of review_batch
C-G2-244,publication_status,G2-BATCH-D,,DESIGN,G2-BATCH-D,282,a5e9800,26/10/08,exact copy of review_batch
C-G2-245,publication_status,G2-BATCH-D,,CONTEXT,G2-BATCH-D,283,a5e9800,26/10/08,exact copy of review_batch
C-G2-246,publication_status,G2-BATCH-D,,METHOD_OUTPUT,G2-BATCH-D,284,a5e9800,26/10/08,exact copy of review_batch
C-G2-247,publication_status,G2-BATCH-D,,METHOD_OUTPUT,G2-BATCH-D,285,a5e9800,26/10/08,exact copy of review_batch
C-G2-248,publication_status,G2-BATCH-D,,METHOD_OUTPUT,G2-BATCH-D,286,a5e9800,26/10/08,exact copy of review_batch
C-G2-249,publication_status,G2-BATCH-D,,DESIGN,G2-BATCH-D,287,a5e9800,26/10/08,exact copy of review_batch
C-G2-250,publication_status,G2-BATCH-D,,CONTEXT,G2-BATCH-D,288,a5e9800,26/10/08,exact copy of review_batch
C-G2-251,publication_status,G2-BATCH-D,,METHOD_OUTPUT,G2-BATCH-D,289,a5e9800,26/10/08,exact copy of review_batch
C-G2-252,publication_status,G2-BATCH-D,,METHOD_OUTPUT,G2-BATCH-D,290,a5e9800,26/10/08,exact copy of review_batch
C-G2-253,publication_status,G2-BATCH-D,,CONTEXT,G2-BATCH-D,291,a5e9800,26/10/08,exact copy of review_batch
C-G2-254,publication_status,G2-BATCH-D,,CONTEXT,G2-BATCH-D,292,a5e9800,26/10/08,exact copy of review_batch
C-G2-255,publication_status,G2-BATCH-D,,METHOD_OUTPUT,G2-BATCH-D,293,a5e9800,26/10/08,exact copy of review_batch
C-G2-256,publication_status,G2-BATCH-D,,METHOD_OUTPUT,G2-BATCH-D,294,a5e9800,26/10/08,exact copy of review_batch
C-G2-257,publication_status,G2-BATCH-D,,CONTEXT,G2-BATCH-D,295,a5e9800,26/10/08,exact copy of review_batch
C-G2-258,publication_status,G2-BATCH-D,,CONTEXT,G2-BATCH-D,296,a5e9800,26/10/08,exact copy of review_batch
C-G2-259,publication_status,G2-BATCH-D,,CONTEXT,G2-BATCH-D,297,a5e9800,26/10/08,exact copy of review_batch
C-G2-260,publication_status,G2-BATCH-D,,DESIGN,G2-BATCH-D,298,a5e9800,26/10/08,exact copy of review_batch
C-G2-261,publication_status,G2-BATCH-D,,DESIGN,G2-BATCH-D,299,a5e9800,26/10/08,exact copy of review_batch
C-G2-262,publication_status,G2-BATCH-D,,METHOD_OUTPUT,G2-BATCH-D,300,a5e9800,26/10/08,exact copy of review_batch
C-G2-263,publication_status,G2-BATCH-D,,DESIGN,G2-BATCH-D,301,a5e9800,26/10/08,exact copy of review_batch
C-G2-264,publication_status,G2-BATCH-D,,DESIGN,G2-BATCH-D,302,a5e9800,26/10/08,exact copy of review_batch
C-G2-265,publication_status,G2-BATCH-D,,DESIGN,G2-BATCH-D,303,a5e9800,26/10/08,exact copy of review_batch
C-G2-266,publication_status,G2-BATCH-D,,DESIGN,G2-BATCH-D,304,a5e9800,26/10/08,exact copy of review_batch
C-G2-267,publication_status,G2-BATCH-D,,DESIGN,G2-BATCH-D,305,a5e9800,26/10/08,exact copy of review_batch
C-G2-268,publication_status,G2-BATCH-D,,DESIGN,G2-BATCH-D,306,a5e9800,26/10/08,exact copy of review_batch
C-G2-269,publication_status,G2-BATCH-D,,CONTEXT,G2-BATCH-D,307,a5e9800,26/10/08,exact copy of review_batch
C-G2-270,publication_status,G2-BATCH-D,,CONTEXT,G2-BATCH-D,308,a5e9800,26/10/08,exact copy of review_batch
C-G2-271,publication_status,G2-BATCH-D,,CONTEXT,G2-BATCH-D,309,a5e9800,26/10/08,exact copy of review_batch
C-G2-272,publication_status,G2-BATCH-D,,DESIGN,G2-BATCH-D,310,a5e9800,26/10/08,exact copy of review_batch
C-G2-273,publication_status,G2-BATCH-D,,DESIGN,G2-BATCH-D,311,a5e9800,26/10/08,exact copy of review_batch
C-G2-274,publication_status,G2-BATCH-D,,DESIGN,G2-BATCH-D,312,a5e9800,26/10/08,exact copy of review_batch
C-G2-275,publication_status,G2-BATCH-D,,DESIGN,G2-BATCH-D,313,a5e9800,26/10/08,exact copy of review_batch
C-G2-276,publication_status,G2-BATCH-D,,DESIGN,G2-BATCH-D,314,a5e9800,26/10/08,exact copy of review_batch
C-G2-277,publication_status,G2-BATCH-D,,DESIGN,G2-BATCH-D,315,a5e9800,26/10/08,exact copy of review_batch
C-G2-278,publication_status,G2-BATCH-D,,DESIGN,G2-BATCH-D,316,a5e9800,26/10/08,exact copy of review_batch
C-G2-279,publication_status,G2-BATCH-D,,DESIGN,G2-BATCH-D,317,a5e9800,26/10/08,exact copy of review_batch
C-G2-280,publication_status,G2-BATCH-D,,CONTEXT,G2-BATCH-D,318,a5e9800,26/10/08,exact copy of review_batch
C-G2-281,publication_status,G2-BATCH-D,,CONTEXT,G2-BATCH-D,319,a5e9800,26/10/08,exact copy of review_batch
C-G2-282,publication_status,G2-BATCH-D,,CONTEXT,G2-BATCH-D,320,a5e9800,26/10/08,exact copy of review_batch
C-G2-283,publication_status,G2-BATCH-D,,CONTEXT,G2-BATCH-D,321,a5e9800,26/10/08,exact copy of review_batch
C-G2-284,publication_status,G2-BATCH-D,,DESIGN,G2-BATCH-D,322,a5e9800,26/10/08,exact copy of review_batch
C-G2-285,publication_status,G2-BATCH-D,,DESIGN,G2-BATCH-D,323,a5e9800,26/10/08,exact copy of review_batch
C-G2-286,publication_status,G2-BATCH-D,,METHOD_OUTPUT,G2-BATCH-D,324,a5e9800,26/10/08,exact copy of review_batch
C-G2-287,publication_status,G2-BATCH-D,,METHOD_OUTPUT,G2-BATCH-D,325,a5e9800,26/10/08,exact copy of review_batch
C-G2-288,publication_status,G2-BATCH-D,,CONTEXT,G2-BATCH-D,326,a5e9800,26/10/08,exact copy of review_batch
C-G2-289,publication_status,G2-BATCH-D,,DESIGN,G2-BATCH-D,327,a5e9800,26/10/08,exact copy of review_batch
C-G2-290,publication_status,G2-BATCH-D,,DESIGN,G2-BATCH-D,328,a5e9800,26/10/08,exact copy of review_batch
C-G2-291,publication_status,G2-BATCH-D,,CONTEXT,G2-BATCH-D,329,a5e9800,26/10/08,exact copy of review_batch
C-G2-292,publication_status,G2-BATCH-D,,DESIGN,G2-BATCH-D,330,a5e9800,26/10/08,exact copy of review_batch
C-G2-293,publication_status,G2-BATCH-D,,METHOD_OUTPUT,G2-BATCH-D,331,a5e9800,26/10/08,exact copy of review_batch
C-G2-294,publication_status,G2-BATCH-D,,CONTEXT,G2-BATCH-D,332,a5e9800,26/10/08,exact copy of review_batch
C-G2-295,publication_status,G2-BATCH-D,,CONTEXT,G2-BATCH-D,333,a5e9800,26/10/08,exact copy of review_batch
C-G2-296,publication_status,G2-BATCH-D,,CONTEXT,G2-BATCH-D,334,a5e9800,26/10/08,exact copy of review_batch
C-G2-297,publication_status,G2-BATCH-D,,DESIGN,G2-BATCH-D,335,a5e9800,26/10/08,exact copy of review_batch
C-G2-298,publication_status,G2-BATCH-D,,DESIGN,G2-BATCH-D,336,a5e9800,26/10/08,exact copy of review_batch
C-G2-299,publication_status,G2-BATCH-D,,DESIGN,G2-BATCH-D,337,a5e9800,26/10/08,exact copy of review_batch
C-G2-300,publication_status,G2-BATCH-D,,CONTEXT,G2-BATCH-D,338,a5e9800,26/10/08,exact copy of review_batch
C-G2-301,publication_status,G2-BATCH-D,,CONTEXT,G2-BATCH-D,339,a5e9800,26/10/08,exact copy of review_batch
C-G2-302,publication_status,G2-BATCH-D,,CONTEXT,G2-BATCH-D,340,a5e9800,26/10/08,exact copy of review_batch
C-G2-303,publication_status,G2-BATCH-D,,CONTEXT,G2-BATCH-D,341,a5e9800,26/10/08,exact copy of review_batch
C-G2-304,publication_status,G2-BATCH-D,,DESIGN,G2-BATCH-D,342,a5e9800,26/10/08,exact copy of review_batch
C-G2-305,publication_status,G2-BATCH-D,,DESIGN,G2-BATCH-D,343,a5e9800,26/10/08,exact copy of review_batch
C-G2-306,publication_status,G2-BATCH-D,,CONTEXT,G2-BATCH-D,344,a5e9800,26/10/08,exact copy of review_batch
C-G2-307,publication_status,G2-BATCH-D,,CONTEXT,G2-BATCH-D,345,a5e9800,26/10/08,exact copy of review_batch
C-G2-308,publication_status,G2-BATCH-D,,METHOD_OUTPUT,G2-BATCH-D,346,a5e9800,26/10/08,exact copy of review_batch
C-G2-309,publication_status,G2-BATCH-D,,CONTEXT,G2-BATCH-D,347,a5e9800,26/10/08,exact copy of review_batch
C-G2-310,publication_status,G2-BATCH-D,,EFFECT,G2-BATCH-D,348,a5e9800,26/10/08,exact copy of review_batch
C-G2-311,publication_status,G2-BATCH-D,,EFFECT,G2-BATCH-D,349,a5e9800,26/10/08,exact copy of review_batch
C-G2-312,publication_status,G2-BATCH-D,,EFFECT,G2-BATCH-D,350,a5e9800,26/10/08,exact copy of review_batch
C-G2-313,publication_status,G2-BATCH-D,,EFFECT,G2-BATCH-D,351,a5e9800,26/10/08,exact copy of review_batch
C-G2-314,publication_status,G2-BATCH-D,,DESIGN,G2-BATCH-D,352,a5e9800,26/10/08,exact copy of review_batch
C-G2-315,publication_status,G2-BATCH-D,,METHOD_OUTPUT,G2-BATCH-D,353,a5e9800,26/10/08,exact copy of review_batch
C-G2-316,publication_status,G2-BATCH-D,,CONTEXT,G2-BATCH-D,354,a5e9800,26/10/08,exact copy of review_batch
C-G2-317,publication_status,G2-BATCH-D,,CONTEXT,G2-BATCH-D,355,a5e9800,26/10/08,exact copy of review_batch
C-G2-318,publication_status,G2-BATCH-D,,CONTEXT,G2-BATCH-D,356,a5e9800,26/10/08,exact copy of review_batch
C-G2-319,publication_status,G2-BATCH-D,,METHOD_OUTPUT,G2-BATCH-D,357,a5e9800,26/10/08,exact copy of review_batch
C-G2-320,publication_status,G2-BATCH-D,,DESIGN,G2-BATCH-D,358,a5e9800,26/10/08,exact copy of review_batch
C-G2-321,publication_status,G2-BATCH-D,,DESIGN,G2-BATCH-D,359,a5e9800,26/10/08,exact copy of review_batch
C-G2-322,publication_status,G2-BATCH-D,,DESIGN,G2-BATCH-D,360,a5e9800,26/10/08,exact copy of review_batch
C-G2-323,publication_status,G2-BATCH-D,,CONTEXT,G2-BATCH-D,361,a5e9800,26/10/08,exact copy of review_batch
C-G2-324,publication_status,G2-BATCH-D,,METHOD_OUTPUT,G2-BATCH-D,362,a5e9800,26/10/08,exact copy of review_batch
