claim_id,project_id,field,value_in_eb2674d_parent,value_restored
C-R5-524,P85-AMGEN,effect_family,METHOD_OUTPUT,DIRECT
C-R5-524,P85-AMGEN,commercial_reuse,UNRESTRICTED_INTERNAL,
C-R5-525,P85-AMGEN,effect_family,CONTEXT,NOT_APPLICABLE
C-R5-525,P85-AMGEN,commercial_reuse,UNRESTRICTED_INTERNAL,
C-R5-526,P85-AMGEN,effect_family,METHOD_OUTPUT,NOT_APPLICABLE
C-R5-526,P85-AMGEN,commercial_reuse,UNRESTRICTED_INTERNAL,
C-R5-527,P86-CSSAL,effect_family,DESIGN,NOT_APPLICABLE
C-R5-527,P86-CSSAL,commercial_reuse,UNRESTRICTED_INTERNAL,
C-R5-527,P86-CSSAL,option_state,,UNKNOWN
C-R5-528,P35-DERBYMAP,effect_family,METHOD_OUTPUT,DIRECT
C-R5-528,P35-DERBYMAP,commercial_reuse,UNRESTRICTED_INTERNAL,
