claim_id,project_id_restored,project_id_in_source_commit,source_commit
C-G2-280,P78-BEATLES,P78,4a92a71
C-G2-281,P78-BEATLES,P78,4a92a71
C-G2-282,P78-BEATLES,P78,4a92a71
C-G2-283,P78-BEATLES,P78,4a92a71
C-G2-284,P78-BEATLES,P78,4a92a71
C-G2-285,P78-BEATLES,P78,4a92a71
C-G2-286,P79-CELL,P79,4a92a71
C-G2-287,P79-CELL,P79,4a92a71
C-G2-288,P79-CELL,P79,4a92a71
C-G2-289,P79-CELL,P79,4a92a71
C-G2-290,P79-CELL,P79,4a92a71
C-G2-291,P79-CELL,P79,4a92a71
C-G2-292,P79-CELL,P79,4a92a71
C-G2-293,P79-CELL,P79,4a92a71
C-G2-294,P80,P80,4a92a71
C-G2-295,P80,P80,4a92a71
C-G2-296,P80,P80,4a92a71
C-G2-297,P80,P80,4a92a71
C-G2-298,P80,P80,4a92a71
C-G2-299,P80,P80,4a92a71
C-G2-300,P80,P80,4a92a71
C-G2-301,P80,P80,4a92a71
C-G2-302,P81-WB6,P81,4a92a71
C-G2-303,P81-WB6,P81,4a92a71
C-G2-304,P81-WB6,P81,4a92a71
C-G2-305,P81-WB6,P81,4a92a71
C-G2-306,P81-WB6,P81,4a92a71
C-G2-307,P81-WB6,P81,4a92a71
C-G2-308,P81-WB6,P81,4a92a71
C-G2-309,P82-KOTOR,P82,4a92a71
C-G2-310,P82-KOTOR,P82,4a92a71
C-G2-311,P82-KOTOR,P82,4a92a71
C-G2-312,P82-KOTOR,P82,4a92a71
C-G2-313,P82-KOTOR,P82,4a92a71
C-G2-314,P82-KOTOR,P82,4a92a71
C-G2-315,P82-KOTOR,P82,4a92a71
C-G2-316,P84,P84,4a92a71
C-G2-317,P84,P84,4a92a71
C-G2-318,P84,P84,4a92a71
C-G2-319,P84,P84,4a92a71
C-G2-320,P84,P84,4a92a71
C-G2-321,P84,P84,4a92a71
C-G2-322,P84,P84,4a92a71
C-G2-323,P84,P84,4a92a71
C-G2-324,P84,P84,4a92a71
C-G2-325,P01-NES,P01-NES,4a92a71
C-G2-326,P01-NES,P01-NES,4a92a71
C-G2-327,P01-NES,P01-NES,4a92a71
C-G2-328,P01-NES,P01-NES,4a92a71
C-G2-329,P01-NES,P01-NES,4a92a71
C-G2-330,P01-NES,P01-NES,4a92a71
C-G2-331,P01-NES,P01-NES,4a92a71
C-G2-332,P01-NES,P01-NES,4a92a71
C-G2-333,P01-NES,P01-NES,4a92a71
C-G2-334,P01-NES,P01-NES,4a92a71
C-G2-335,P01-NES,P01-NES,4a92a71
C-G2-336,P01-NES,P01-NES,4a92a71
C-G2-337,P01-NES,P01-NES,4a92a71
C-G2-338,P01-NES,P01-NES,4a92a71
C-G2-339,P01-NES,P01-NES,4a92a71
C-G2-340,P01-NES,P01-NES,4a92a71
C-G2-341,P01-NES,P01-NES,4a92a71
C-G2-342,P01-NES,P01-NES,4a92a71
C-G2-343,P01-NES,P01-NES,4a92a71
C-G2-344,P01-NES,P01-NES,4a92a71
C-G2-345,P01-NES,P01-NES,4a92a71
C-G2-346,P01-NES,P01-NES,4a92a71
C-G2-347,P01-NES,P01-NES,4a92a71
C-G2-348,P01-NES,P01-NES,4a92a71
C-G2-349,P01-NES,P01-NES,4a92a71
C-G2-350,P01-NES,P01-NES,4a92a71
C-G2-351,P01-NES,P01-NES,4a92a71
C-G2-352,P01-NES,P01-NES,4a92a71
C-G2-353,P01-NES,P01-NES,4a92a71
C-G2-354,P01-NES,P01-NES,4a92a71
C-G2-355,P01-NES,P01-NES,4a92a71
C-G2-356,P01-NES,P01-NES,4a92a71
C-G2-357,P01-NES,P01-NES,4a92a71
C-G2-358,P01-NES,P01-NES,4a92a71
C-G2-359,P01-NES,P01-NES,4a92a71
C-G2-360,P01-NES,P01-NES,4a92a71
C-G2-361,P01-NES,P01-NES,4a92a71
C-G2-362,P01-NES,P01-NES,4a92a71
C-G2-363,P01-NES,P01-NES,4a92a71
C-G2-364,P01-NES,P01-NES,4a92a71
C-G2-365,P01-NES,P01-NES,4a92a71
C-G2-366,P01-NES,P01-NES,4a92a71
C-G2-367,P01-NES,P01-NES,4a92a71
C-G2-368,P01-NES,P01-NES,4a92a71
C-G2-369,P01-NES,P01-NES,4a92a71
C-G2-370,P01-NES,P01-NES,4a92a71
C-G2-371,P01-NES,P01-NES,4a92a71
C-G2-372,P01-NES,P01-NES,4a92a71
C-G2-373,P01-NES,P01-NES,4a92a71
C-G2-374,P01-NES,P01-NES,4a92a71
C-G2-375,P01-NES,P01-NES,4a92a71
C-G2-376,P01-NES,P01-NES,4a92a71
C-G2-377,P01-NES,P01-NES,4a92a71
C-G2-378,P01-NES,P01-NES,4a92a71
C-G2-379,P01-NES,P01-NES,4a92a71
C-G2-380,P01-NES,P01-NES,4a92a71
C-G2-381,P02-FGTG,P02-FGTG,4a92a71
C-G2-382,P02-FGTG,P02-FGTG,4a92a71
C-G2-383,P02-FGTG,P02-FGTG,4a92a71
C-G2-384,P02-FGTG,P02-FGTG,4a92a71
C-G2-385,P02-FGTG,P02-FGTG,4a92a71
C-G2-386,P02-FGTG,P02-FGTG,4a92a71
C-G2-387,P02-FGTG,P02-FGTG,4a92a71
C-G2-388,P02-FGTG,P02-FGTG,4a92a71
C-G2-389,P02-FGTG,P02-FGTG,4a92a71
C-G2-390,P02-FGTG,P02-FGTG,4a92a71
C-G2-391,P02-FGTG,P02-FGTG,4a92a71
C-G2-392,P02-FGTG,P02-FGTG,4a92a71
C-G2-393,P02-FGTG,P02-FGTG,4a92a71
C-G2-394,P02-FGTG,P02-FGTG,4a92a71
C-G2-395,P02-FGTG,P02-FGTG,4a92a71
C-G2-396,P02-FGTG,P02-FGTG,4a92a71
C-G2-397,P02-FGTG,P02-FGTG,4a92a71
C-G2-398,P02-FGTG,P02-FGTG,4a92a71
C-G2-399,P02-FGTG,P02-FGTG,4a92a71
C-G2-400,P02-FGTG,P02-FGTG,4a92a71
C-G2-401,P02-FGTG,P02-FGTG,4a92a71
C-G2-402,P02-FGTG,P02-FGTG,4a92a71
C-G2-403,P02-FGTG,P02-FGTG,4a92a71
C-G2-404,P02-FGTG,P02-FGTG,4a92a71
C-G2-405,P02-FGTG,P02-FGTG,4a92a71
C-G2-406,P02-FGTG,P02-FGTG,4a92a71
C-G2-407,P02-FGTG,P02-FGTG,4a92a71
C-G2-408,P02-FGTG,P02-FGTG,4a92a71
C-G2-409,P02-FGTG,P02-FGTG,4a92a71
C-G2-410,P02-FGTG,P02-FGTG,4a92a71
C-G2-411,P02-FGTG,P02-FGTG,4a92a71
C-G2-412,P03-MITIH,P03-MITIH,4a92a71
C-G2-413,P03-MITIH,P03-MITIH,4a92a71
C-G2-414,P03-MITIH,P03-MITIH,4a92a71
C-G2-415,P03-MITIH,P03-MITIH,4a92a71
C-G2-416,P03-MITIH,P03-MITIH,4a92a71
C-G2-417,P03-MITIH,P03-MITIH,4a92a71
C-G2-418,P03-MITIH,P03-MITIH,4a92a71
C-G2-419,P03-MITIH,P03-MITIH,4a92a71
C-G2-420,P03-MITIH,P03-MITIH,4a92a71
C-G2-421,P03-MITIH,P03-MITIH,4a92a71
C-G2-422,P03-MITIH,P03-MITIH,4a92a71
C-G2-423,P03-MITIH,P03-MITIH,4a92a71
C-G2-424,P03-MITIH,P03-MITIH,4a92a71
C-G2-425,P03-MITIH,P03-MITIH,4a92a71
C-G2-426,P03-MITIH,P03-MITIH,4a92a71
C-G2-427,P03-MITIH,P03-MITIH,4a92a71
C-G2-428,P03-MITIH,P03-MITIH,4a92a71
C-G2-429,P05-WMCA,P05-WMCA,4a92a71
C-G2-430,P05-WMCA,P05-WMCA,4a92a71
C-G2-431,P05-WMCA,P05-WMCA,4a92a71
C-G2-432,P05-WMCA,P05-WMCA,4a92a71
C-G2-433,P05-WMCA,P05-WMCA,4a92a71
C-G2-434,P05-WMCA,P05-WMCA,4a92a71
C-G2-435,P05-WMCA,P05-WMCA,4a92a71
C-G2-436,P05-WMCA,P05-WMCA,4a92a71
C-G2-437,P05-WMCA,P05-WMCA,4a92a71
C-G2-438,P05-WMCA,P05-WMCA,4a92a71
C-G2-439,P06-COSTAR,P06-COSTAR,4a92a71
C-G2-440,P06-COSTAR,P06-COSTAR,4a92a71
C-G2-441,P06-COSTAR,P06-COSTAR,4a92a71
C-G2-442,P06-COSTAR,P06-COSTAR,4a92a71
C-G2-443,P06-COSTAR,P06-COSTAR,4a92a71
C-G2-444,P06-COSTAR,P06-COSTAR,4a92a71
C-G2-445,P06-COSTAR,P06-COSTAR,4a92a71
C-G2-446,P06-COSTAR,P06-COSTAR,4a92a71
C-G2-447,P06-COSTAR,P06-COSTAR,4a92a71
C-G2-448,P06-COSTAR,P06-COSTAR,4a92a71
C-G2-449,P07-CC,P07-CC,4a92a71
C-G2-450,P07-CC,P07-CC,4a92a71
C-G2-451,P07-CC,P07-CC,4a92a71
C-G2-452,P07-CC,P07-CC,4a92a71
C-G2-453,P09-CDEC,P09-CDEC,4a92a71
C-G2-454,P09-CDEC,P09-CDEC,4a92a71
C-G2-455,P09-CDEC,P09-CDEC,4a92a71
C-G2-456,P09-CDEC,P09-CDEC,4a92a71
C-G2-457,P09-CDEC,P09-CDEC,4a92a71
C-G2-458,P09-CDEC,P09-CDEC,4a92a71
C-G2-459,P09-CDEC,P09-CDEC,4a92a71
C-G2-460,P09-CDEC,P09-CDEC,4a92a71
C-G2-461,P09-CDEC,P09-CDEC,4a92a71
C-G2-462,P04-GBSLEP,P04-GBSLEP,4a92a71
C-G2-463,P04-GBSLEP,P04-GBSLEP,4a92a71
C-G2-464,P04-GBSLEP,P04-GBSLEP,4a92a71
C-G2-465,P04-GBSLEP,P04-GBSLEP,4a92a71
C-G2-466,P04-GBSLEP,P04-GBSLEP,4a92a71
C-G2-467,P04-GBSLEP,P04-GBSLEP,4a92a71
C-G2-468,P04-GBSLEP,P04-GBSLEP,4a92a71
C-G2-469,P04-GBSLEP,P04-GBSLEP,4a92a71
C-G2-470,P04-GBSLEP,P04-GBSLEP,4a92a71
C-G2-471,P04-GBSLEP,P04-GBSLEP,4a92a71
C-G2-472,P04-GBSLEP,P04-GBSLEP,4a92a71
C-G2-473,P04-GBSLEP,P04-GBSLEP,4a92a71
C-G2-474,P04-GBSLEP,P04-GBSLEP,4a92a71
C-G2-475,P04-GBSLEP,P04-GBSLEP,4a92a71
C-G2-476,P04-GBSLEP,P04-GBSLEP,4a92a71
C-G2-477,P04-GBSLEP,P04-GBSLEP,4a92a71
C-G2-478,P08-LIVDCI,P08-LIVDCI,4a92a71
C-G2-479,P08-LIVDCI,P08-LIVDCI,4a92a71
C-G2-480,P08-LIVDCI,P08-LIVDCI,4a92a71
C-G2-481,P08-LIVDCI,P08-LIVDCI,4a92a71
C-G2-482,P08-LIVDCI,P08-LIVDCI,4a92a71
C-G2-483,P08-LIVDCI,P08-LIVDCI,4a92a71
C-G2-484,P08-LIVDCI,P08-LIVDCI,4a92a71
C-G2-485,P08-LIVDCI,P08-LIVDCI,4a92a71
C-G2-486,P08-LIVDCI,P08-LIVDCI,4a92a71
C-G2-487,P08-LIVDCI,P08-LIVDCI,4a92a71
C-G2-488,P08-LIVDCI,P08-LIVDCI,4a92a71
C-G2-489,P08-LIVDCI,P08-LIVDCI,4a92a71
C-G2-490,P08-LIVDCI,P08-LIVDCI,4a92a71
C-G2-491,P08-LIVDCI,P08-LIVDCI,4a92a71
C-G2-492,P10-KIRK,P10-KIRK,4a92a71
C-G2-493,P10-KIRK,P10-KIRK,4a92a71
C-G2-494,P10-KIRK,P10-KIRK,4a92a71
C-G2-495,P10-KIRK,P10-KIRK,4a92a71
C-G2-496,P10-KIRK,P10-KIRK,4a92a71
C-G2-497,P10-KIRK,P10-KIRK,4a92a71
C-G2-498,P10-KIRK,P10-KIRK,4a92a71
C-G2-499,P10-KIRK,P10-KIRK,4a92a71
C-G2-500,P10-KIRK,P10-KIRK,4a92a71
C-G2-501,P10-KIRK,P10-KIRK,4a92a71
C-G2-502,P10-KIRK,P10-KIRK,4a92a71
C-G2-503,P10-KIRK,P10-KIRK,4a92a71
C-G2-504,P11-ELFC,P11-ELFC,4a92a71
C-G2-505,P11-ELFC,P11-ELFC,4a92a71
C-G2-506,P11-ELFC,P11-ELFC,4a92a71
C-G2-507,P11-ELFC,P11-ELFC,4a92a71
C-G2-508,P11-ELFC,P11-ELFC,4a92a71
C-G2-509,P11-ELFC,P11-ELFC,4a92a71
C-G2-510,P11-ELFC,P11-ELFC,4a92a71
C-G2-511,P11-ELFC,P11-ELFC,4a92a71
C-G2-512,P11-ELFC,P11-ELFC,4a92a71
C-G2-513,P11-ELFC,P11-ELFC,4a92a71
C-G2-514,P11-ELFC,P11-ELFC,4a92a71
C-G2-515,P11-ELFC,P11-ELFC,4a92a71
C-G2-516,P12-KIRK15,P12-KIRK15,4a92a71
C-G2-517,P12-KIRK15,P12-KIRK15,4a92a71
C-G2-518,P12-KIRK15,P12-KIRK15,4a92a71
C-G2-519,P12-KIRK15,P12-KIRK15,4a92a71
C-G2-520,P12-KIRK15,P12-KIRK15,4a92a71
C-G2-521,P12-KIRK15,P12-KIRK15,4a92a71
C-G2-522,P12-KIRK15,P12-KIRK15,4a92a71
C-G2-523,P12-KIRK15,P12-KIRK15,4a92a71
