claim_id,project_id,claim_type_now,old_contrary_evidence_col,old_fifth_sector_role_col,old_reviewer_confidence_col,new_fifth_sector_role,new_fifth_sector_contribution,flag
C-G2-024,P16-CICP,METHOD_OUTPUT,ADVISOR;INTERPRETER,Evaluation approach design not outcome report; Iain contributed mapping and methodology via BOP; marginal claim,METHOD_OUTPUT,ADVISOR;INTERPRETER,Evaluation approach design not outcome report; Iain contributed mapping and methodology via BOP; marginal claim,
C-G2-025,P17-LCRCSU,CONTEXT,DESIGNER;DELIVERER;LEAD_CONSULTANT,Baseline growth measurement not intervention effect; BRES time series; Film/TV +91% IT +81% Music +75%,METHOD_OUTPUT,DESIGNER;DELIVERER;LEAD_CONSULTANT,Baseline growth measurement not intervention effect; BRES time series; Film/TV +91% IT +81% Music +75%,
C-G2-026,P17-LCRCSU,DESIGN,DESIGNER;LEAD_CONSULTANT,Cross-sector spillover forecast; bid evidence not measured outcome; immersive tech expected to move beyond creative industries,DESIGN,DESIGNER;LEAD_CONSULTANT,Cross-sector spillover forecast; bid evidence not measured outcome; immersive tech expected to move beyond creative industries,
C-G2-027,P18-GRIMSBY,CONTEXT,ADVISOR;DATA_CONTRIBUTOR,Participation baseline from national surveys; Fifth Sector contributed mapping data; Magna Vitae authored report; contextual finding not intervention effect,CONTEXT,ADVISOR;DATA_CONTRIBUTOR,Participation baseline from national surveys; Fifth Sector contributed mapping data; Magna Vitae authored report; contextual finding not intervention effect,
C-G2-028,P19-LCRIMM,CONTEXT,DESIGNER;DELIVERER;LEAD_CONSULTANT,Baseline mapping; 169 organisations; LinkedIn workforce 190 highly skilled; estimated 600+ total; Iain Bennett as BOP author,METHOD_OUTPUT,DESIGNER;DELIVERER;LEAD_CONSULTANT,Baseline mapping; 169 organisations; LinkedIn workforce 190 highly skilled; estimated 600+ total; Iain Bennett as BOP author,
C-G2-029,P19-LCRIMM,CONTEXT,DESIGNER;DELIVERER;LEAD_CONSULTANT,Documented cross-sector case studies: Draw and Code (AR museums/SwapBots) Kinicho (volumetric audio for Audible/Pinewood/CERN) VEC/Bentley (immersive design) Shaun the Sheep/Aardman (AI sensor tech Sh,EFFECT,DESIGNER;DELIVERER;LEAD_CONSULTANT,Documented cross-sector case studies: Draw and Code (AR museums/SwapBots) Kinicho (volumetric audio for Audible/Pinewood/CERN) VEC/Bentley (immersive design) Shaun the Sheep/Aardman (AI sensor tech Shanghai),
C-G2-030,P19-LCRIMM,CONTEXT,DESIGNER;DELIVERER;LEAD_CONSULTANT,Network spillover observation; large end-users include Alstom Cammell Laird JLR Royal HaskoningDHV; supply chain includes Adlib Lime Pictures,METHOD_OUTPUT,DESIGNER;DELIVERER;LEAD_CONSULTANT,Network spillover observation; large end-users include Alstom Cammell Laird JLR Royal HaskoningDHV; supply chain includes Adlib Lime Pictures,
C-G2-031,P19-LCRIMM,DESIGN,DESIGNER;LEAD_CONSULTANT,Design propositions for multiple staged investment options; option held by Growth Platform not Fifth Sector,DESIGN,DESIGNER;LEAD_CONSULTANT,Design propositions for multiple staged investment options; option held by Growth Platform not Fifth Sector,
C-G2-032,P20-SYMCA21,CONTEXT,DESIGNER;DELIVERER;LEAD_CONSULTANT,Baseline mapping; LinkedIn captures freelancers missed by BRES; 60% freelance estimated; Companies House cleansed 4025 businesses,METHOD_OUTPUT,DESIGNER;DELIVERER;LEAD_CONSULTANT,Baseline mapping; LinkedIn captures freelancers missed by BRES; 60% freelance estimated; Companies House cleansed 4025 businesses,
C-G2-033,P20-SYMCA21,CONTEXT,DESIGNER;DELIVERER;LEAD_CONSULTANT,Key finding: 4.8% file full accounts; <2% accessed R&D grants; 36 equity investments; 8 spinouts; 6 scale-ups; important for methodology development,CONTEXT,DESIGNER;DELIVERER;LEAD_CONSULTANT,Key finding: 4.8% file full accounts; <2% accessed R&D grants; 36 equity investments; 8 spinouts; 6 scale-ups; important for methodology development,
C-G2-034,P20-SYMCA21,CONTEXT,DESIGNER;DELIVERER;LEAD_CONSULTANT,Network dependency finding; recommendation to agree formal support package with Screen Yorkshire,CONTEXT,DESIGNER;DELIVERER;LEAD_CONSULTANT,Network dependency finding; recommendation to agree formal support package with Screen Yorkshire,
C-G2-035,P21-MMUCCI,CONTEXT,DESIGNER;DELIVERER;LEAD_CONSULTANT,Contextual finding; internal research excellence contrasts with external stakeholder awareness; 70% world-leading English research impact,CONTEXT,DESIGNER;DELIVERER;LEAD_CONSULTANT,Contextual finding; internal research excellence contrasts with external stakeholder awareness; 70% world-leading English research impact,
C-G2-036,P21-MMUCCI,CONTEXT,DESIGNER;DELIVERER;LEAD_CONSULTANT,Network gap finding; recommendation to overhaul account management and strengthen links to business networks,CONTEXT,DESIGNER;DELIVERER;LEAD_CONSULTANT,Network gap finding; recommendation to overhaul account management and strengthen links to business networks,
C-G2-037,P22-LCRFILM,METHOD_OUTPUT,DESIGNER;DELIVERER;EVALUATOR;LEAD_CONSULTANT,Documented output data; £1.788m of £2m capital deployed; richest quantitative evidence in post-2020 cohort,METHOD_OUTPUT,DESIGNER;DELIVERER;EVALUATOR;LEAD_CONSULTANT,Documented output data; £1.788m of £2m capital deployed; richest quantitative evidence in post-2020 cohort,ROLE_REVIEW: recorded role includes DELIVERER on an evaluation project; AGENTS.md evaluator rule
C-G2-038,P22-LCRFILM,METHOD_OUTPUT,DESIGNER;DELIVERER;EVALUATOR;LEAD_CONSULTANT,Documented output data; 455 indirect FTE vs 280 target; cost per FTE below business case estimate,METHOD_OUTPUT,DESIGNER;DELIVERER;EVALUATOR;LEAD_CONSULTANT,Documented output data; 455 indirect FTE vs 280 target; cost per FTE below business case estimate,ROLE_REVIEW: recorded role includes DELIVERER on an evaluation project; AGENTS.md evaluator rule
C-G2-039,P22-LCRFILM,METHOD_OUTPUT,DESIGNER;DELIVERER;EVALUATOR;LEAD_CONSULTANT,Documented output data; Development Fund exceeded company and job targets; seeded 7 pipeline projects,METHOD_OUTPUT,DESIGNER;DELIVERER;EVALUATOR;LEAD_CONSULTANT,Documented output data; Development Fund exceeded company and job targets; seeded 7 pipeline projects,ROLE_REVIEW: recorded role includes DELIVERER on an evaluation project; AGENTS.md evaluator rule
C-G2-041,P22-LCRFILM,DESIGN,DESIGNER;DELIVERER;EVALUATOR;LEAD_CONSULTANT,Strategic option value; Development Fund as seed capital; indigenous vs incoming leverage differential; forecast not realised,DESIGN,DESIGNER;DELIVERER;EVALUATOR;LEAD_CONSULTANT,Strategic option value; Development Fund as seed capital; indigenous vs incoming leverage differential; forecast not realised,ROLE_REVIEW: recorded role includes DELIVERER on an evaluation project; AGENTS.md evaluator rule
C-G2-042,P23-DERBY,DESIGN,DESIGNER;DELIVERER;LEAD_CONSULTANT,Feasibility design proposition; staged start-up with option to add grant/equity once demand proven; Liverpool comparator cost-neutral with 2 FTE and £100k budget,DESIGN,DESIGNER;DELIVERER;LEAD_CONSULTANT,Feasibility design proposition; staged start-up with option to add grant/equity once demand proven; Liverpool comparator cost-neutral with 2 FTE and £100k budget,
C-G2-043,P24-SYMCACGP,CONTEXT,DESIGNER;DELIVERER;LEAD_CONSULTANT,Modelled estimate; £2bn incorporates freelance indirect induced and visitor economy; if as productive as national average would exceed £1bn; if South East level nearly £1.4bn,METHOD_OUTPUT,DESIGNER;DELIVERER;LEAD_CONSULTANT,Modelled estimate; £2bn incorporates freelance indirect induced and visitor economy; if as productive as national average would exceed £1bn; if South East level nearly £1.4bn,
C-G2-044,P24-SYMCACGP,CONTEXT,DESIGNER;DELIVERER;LEAD_CONSULTANT,Multiplier estimate from DCMS modelling; 2.46 total footprint per 1 FTE; contextual finding not intervention effect,METHOD_OUTPUT,DESIGNER;DELIVERER;LEAD_CONSULTANT,Multiplier estimate from DCMS modelling; 2.46 total footprint per 1 FTE; contextual finding not intervention effect,
C-G2-045,P24-SYMCACGP,CONTEXT,DESIGNER;DELIVERER;LEAD_CONSULTANT,Skills mapping; 24 providers 331 courses in SYMCA; 548 wider TTWA; 134 online; 5 apprenticeships only; Sheffield 55% of delivery,METHOD_OUTPUT,DESIGNER;DELIVERER;LEAD_CONSULTANT,Skills mapping; 24 providers 331 courses in SYMCA; 548 wider TTWA; 134 online; 5 apprenticeships only; Sheffield 55% of delivery,
C-G2-046,P24-SYMCACGP,DESIGN,DESIGNER;DELIVERER;LEAD_CONSULTANT,Strategic option; Barnsley Doncaster Rotherham eligible for Levelling Up for Culture; ACE Priority Places; NP11 devolution agenda,DESIGN,DESIGNER;DELIVERER;LEAD_CONSULTANT,Strategic option; Barnsley Doncaster Rotherham eligible for Levelling Up for Culture; ACE Priority Places; NP11 devolution agenda,
C-G2-047,P25-LANCGP,CONTEXT,DESIGNER;ADVISOR;DATA_CONTRIBUTOR,Baseline mapping; IDBR 21/04; Fifth Sector/Beauhurst analysis; Blackpool 3400 creative workers; 400 vacancies,METHOD_OUTPUT,DESIGNER;ADVISOR;DATA_CONTRIBUTOR,Baseline mapping; IDBR 21/04; Fifth Sector/Beauhurst analysis; Blackpool 3400 creative workers; 400 vacancies,
C-G2-048,P25-LANCGP,DESIGN,DESIGNER;ADVISOR;DATA_CONTRIBUTOR,Product spillover design proposition; Pennine Originals hub; technical textiles and homewares with spillovers into high-value sectors; from bid not delivered programme,DESIGN,DESIGNER;ADVISOR;DATA_CONTRIBUTOR,Product spillover design proposition; Pennine Originals hub; technical textiles and homewares with spillovers into high-value sectors; from bid not delivered programme,
C-G2-049,P26-WSBH,CONTEXT,DESIGNER;DELIVERER;LEAD_CONSULTANT,Baseline mapping; BRES 2021 22325 employment; LinkedIn 54428; Beauhurst 10255 active businesses 38.6% greater than official 7400,METHOD_OUTPUT,DESIGNER;DELIVERER;LEAD_CONSULTANT,Baseline mapping; BRES 2021 22325 employment; LinkedIn 54428; Beauhurst 10255 active businesses 38.6% greater than official 7400,
C-G2-050,P26-WSBH,CONTEXT,DESIGNER;DELIVERER;LEAD_CONSULTANT,Product spillover observation; Createch adoption across multiple sub-sectors; Digital Catapult Brighton and University of Brighton as institutional assets,EFFECT,DESIGNER;DELIVERER;LEAD_CONSULTANT,Product spillover observation; Createch adoption across multiple sub-sectors; Digital Catapult Brighton and University of Brighton as institutional assets,
C-G2-051,P26-WSBH,CONTEXT,DESIGNER;DELIVERER;LEAD_CONSULTANT,Network spillover observation; anchor firms support supply chain across games film TV and short-form content,CONTEXT,DESIGNER;DELIVERER;LEAD_CONSULTANT,Network spillover observation; anchor firms support supply chain across games film TV and short-form content,
C-G2-052,P27-WAKECDF,METHOD_OUTPUT,DESIGNER;DELIVERER;EVALUATOR;LEAD_CONSULTANT,Documented financial data; £4.38m CDF grant; £19.70m capital; £2.34m revenue; £13.64m public capital; £6.06m private leveraged,METHOD_OUTPUT,DESIGNER;DELIVERER;EVALUATOR;LEAD_CONSULTANT,Documented financial data; £4.38m CDF grant; £19.70m capital; £2.34m revenue; £13.64m public capital; £6.06m private leveraged,ROLE_REVIEW: recorded role includes DELIVERER on an evaluation project; AGENTS.md evaluator rule
C-G2-053,P27-WAKECDF,CONTEXT,DESIGNER;DELIVERER;EVALUATOR;LEAD_CONSULTANT,Modelled estimates not causal attribution; music/performing +194%; advertising +292%; design +133%; arts output £4.6m to £32.8m (+600%),METHOD_OUTPUT,DESIGNER;DELIVERER;EVALUATOR;LEAD_CONSULTANT,Modelled estimates not causal attribution; music/performing +194%; advertising +292%; design +133%; arts output £4.6m to £32.8m (+600%),ROLE_REVIEW: recorded role includes DELIVERER on an evaluation project; AGENTS.md evaluator rule
C-G2-058,P27-WAKECDF,CONTEXT,DESIGNER;DELIVERER;EVALUATOR;LEAD_CONSULTANT,Source inconsistency flagged; 120 FTE (exec summary Table 1 lines 96 563) vs 160 FTE (main body Table 14 lines 339 773); direct jobs 55; indirect 105 or 140 depending on source,HIGH,DESIGNER;DELIVERER;EVALUATOR;LEAD_CONSULTANT,Source inconsistency flagged; 120 FTE (exec summary Table 1 lines 96 563) vs 160 FTE (main body Table 14 lines 339 773); direct jobs 55; indirect 105 or 140 depending on source,ROLE_REVIEW: recorded role includes DELIVERER on an evaluation project; AGENTS.md evaluator rule
C-G2-059,P28-CALDER,CONTEXT,DESIGNER;DELIVERER;LEAD_CONSULTANT,Baseline mapping; 1620 freelance (32% of LinkedIn sample); 3230 more workers than BRES; music deep dive 378 LinkedIn 273 MU members 63 licensed venues,METHOD_OUTPUT,DESIGNER;DELIVERER;LEAD_CONSULTANT,Baseline mapping; 1620 freelance (32% of LinkedIn sample); 3230 more workers than BRES; music deep dive 378 LinkedIn 273 MU members 63 licensed venues,
C-G2-060,P28-CALDER,DESIGN,DESIGNER;DELIVERER;LEAD_CONSULTANT,Cross-sector skills demand hypothesis; Createch courses needed; Calderdale College planning games animation design film/TV esports motion-capture,DESIGN,DESIGNER;DELIVERER;LEAD_CONSULTANT,Cross-sector skills demand hypothesis; Createch courses needed; Calderdale College planning games animation design film/TV esports motion-capture,
C-G2-061,P28-CALDER,CONTEXT,DESIGNER;DELIVERER;LEAD_CONSULTANT,Network spillover observation; Screen Yorkshire as transferable model; BFI Northern Screen Alliance as regional network channel,CONTEXT,DESIGNER;DELIVERER;LEAD_CONSULTANT,Network spillover observation; Screen Yorkshire as transferable model; BFI Northern Screen Alliance as regional network channel,
C-G2-062,P29-SOLENTCGP,CONTEXT,DESIGNER;ADVISOR;DATA_CONTRIBUTOR,Baseline mapping; Beauhurst 23/09; Lightcast 40000 jobs £1.5bn GVA; Oxford Economics 5000 new jobs by 2030 forecast,METHOD_OUTPUT,DESIGNER;ADVISOR;DATA_CONTRIBUTOR,Baseline mapping; Beauhurst 23/09; Lightcast 40000 jobs £1.5bn GVA; Oxford Economics 5000 new jobs by 2030 forecast,
C-G2-063,P29-SOLENTCGP,DESIGN,DESIGNER;ADVISOR;DATA_CONTRIBUTOR,Product spillover design proposition; digital twins for maritime/aerospace/logistics; projection mapping for live events; from draft bid not delivered programme,DESIGN,DESIGNER;ADVISOR;DATA_CONTRIBUTOR,Product spillover design proposition; digital twins for maritime/aerospace/logistics; projection mapping for live events; from draft bid not delivered programme,
C-G2-064,P30-HEREFORD,CONTEXT,DESIGNER;DELIVERER;LEAD_CONSULTANT,Baseline mapping; 590 official flat vs 2019; 4000+ LinkedIn c.3x larger; 56% graduate leakage; 58% no training in past year; 79% difficulty filling technical roles,METHOD_OUTPUT,DESIGNER;DELIVERER;LEAD_CONSULTANT,Baseline mapping; 590 official flat vs 2019; 4000+ LinkedIn c.3x larger; 56% graduate leakage; 58% no training in past year; 79% difficulty filling technical roles,
C-G2-065,P30-HEREFORD,DESIGN,DESIGNER;DELIVERER;LEAD_CONSULTANT,Strategic option; rural creative economy model; cross-cutting skills for emerging markets; vision for 2029 beacon of rural cultural innovation,DESIGN,DESIGNER;DELIVERER;LEAD_CONSULTANT,Strategic option; rural creative economy model; cross-cutting skills for emerging markets; vision for 2029 beacon of rural cultural innovation,
C-G2-066,P31-PRODPARK,CONTEXT,DESIGNER;DELIVERER,Data fragment only; no narrative; no spillover evidence; supplements P27-WAKECDF; incomplete extract with empty columns,METHOD_OUTPUT,DESIGNER;DELIVERER,Data fragment only; no narrative; no spillover evidence; supplements P27-WAKECDF; incomplete extract with empty columns,
C-G2-067,P32-SURREY,CONTEXT,DESIGNER;DELIVERER;LEAD_CONSULTANT,Baseline mapping; 43% freelance; 90% micro-businesses <5 employees; 12% growth vs 2% UK average,METHOD_OUTPUT,DESIGNER;DELIVERER;LEAD_CONSULTANT,Baseline mapping; 43% freelance; 90% micro-businesses <5 employees; 12% growth vs 2% UK average,
C-G2-068,P32-SURREY,CONTEXT,DESIGNER;DELIVERER;LEAD_CONSULTANT,Product spillover observation; aerospace-to-screen technology transfer; Sony Professional at Pinewood developing camera systems for Warner Bros/Apple F1 movie,EFFECT,DESIGNER;DELIVERER;LEAD_CONSULTANT,Product spillover observation; aerospace-to-screen technology transfer; Sony Professional at Pinewood developing camera systems for Warner Bros/Apple F1 movie,
C-G2-069,P32-SURREY,DESIGN,DESIGNER;DELIVERER;LEAD_CONSULTANT,Investment forecast; £4 return per £1 invested; comparator benchmarks 2.8x investment returns 37% faster innovation commercialisation 42% better talent retention; modelled design proposition,DESIGN,DESIGNER;DELIVERER;LEAD_CONSULTANT,Investment forecast; £4 return per £1 invested; comparator benchmarks 2.8x investment returns 37% faster innovation commercialisation 42% better talent retention; modelled design proposition,
C-G2-070,P33-LCRMUS,CONTEXT,DESIGNER;DELIVERER;LEAD_CONSULTANT,Modelled estimate; four-tier workforce model; 14370 headcount 7215 FTE; Base Case £324.7m direct; GVA per FTE by subsector ranges £25174 (Artists) to £145798 (Publishing),METHOD_OUTPUT,DESIGNER;DELIVERER;LEAD_CONSULTANT,Modelled estimate; four-tier workforce model; 14370 headcount 7215 FTE; Base Case £324.7m direct; GVA per FTE by subsector ranges £25174 (Artists) to £145798 (Publishing),
C-G2-071,P33-LCRMUS,CONTEXT,DESIGNER;DELIVERER;LEAD_CONSULTANT,Product spillover observation; Adlib cross-sector production services; anchor firm in live/technical cluster as economic moat; proprietary data on casual crew across venues,EFFECT,DESIGNER;DELIVERER;LEAD_CONSULTANT,Product spillover observation; Adlib cross-sector production services; anchor firm in live/technical cluster as economic moat; proprietary data on casual crew across venues,
C-G2-072,P33-LCRMUS,METHOD_OUTPUT,DESIGNER;DELIVERER;LEAD_CONSULTANT,SNA of 272 businesses; workers moving with clear intention between small number of organisations; high interdependence suggests revenue retained in regional economy; but low connectivity limits spillo,METHOD_OUTPUT,DESIGNER;DELIVERER;LEAD_CONSULTANT,SNA of 272 businesses; workers moving with clear intention between small number of organisations; high interdependence suggests revenue retained in regional economy; but low connectivity limits spillover claims,
C-G2-073,P33-LCRMUS,DESIGN,DESIGNER;DELIVERER;LEAD_CONSULTANT,Growth scenarios: Organic 2.5% CAGR Accelerated 3.9% Ambitious 5.6% Transformational 6.7%; 4 growth levers with modelled GVA targets; IP capture option £40-85m shift,DESIGN,DESIGNER;DELIVERER;LEAD_CONSULTANT,Growth scenarios: Organic 2.5% CAGR Accelerated 3.9% Ambitious 5.6% Transformational 6.7%; 4 growth levers with modelled GVA targets; IP capture option £40-85m shift,
C-G2-074,P33-LCRMUS,DESIGN,DESIGNER;DELIVERER;LEAD_CONSULTANT,IP capture option; modelled design proposition; MusicFutures positioned to build local capture infrastructure; formalisation of 500 freelancers could add £40-50m direct GVA,DESIGN,DESIGNER;DELIVERER;LEAD_CONSULTANT,IP capture option; modelled design proposition; MusicFutures positioned to build local capture infrastructure; formalisation of 500 freelancers could add £40-50m direct GVA,
C-G2-075,P34-SOLENTHANTS,CONTEXT,DESIGNER;DELIVERER;LEAD_CONSULTANT,Reconciled GVA estimate; ONS regional output £3.4bn; DCMS scaled £6.9bn overestimate; 7530 IDBR 11420 DataCity; 12700 freelance (17%) 23000+ contractors (31%),METHOD_OUTPUT,DESIGNER;DELIVERER;LEAD_CONSULTANT,Reconciled GVA estimate; ONS regional output £3.4bn; DCMS scaled £6.9bn overestimate; 7530 IDBR 11420 DataCity; 12700 freelance (17%) 23000+ contractors (31%),
C-G2-076,P34-SOLENTHANTS,CONTEXT,DESIGNER;DELIVERER;LEAD_CONSULTANT,Knowledge spillover interpretation; 23000+ independent professionals (31%); Creative Trident concept; co-location of creative and professional services driving innovation,CONTEXT,DESIGNER;DELIVERER;LEAD_CONSULTANT,Knowledge spillover interpretation; 23000+ independent professionals (31%); Creative Trident concept; co-location of creative and professional services driving innovation,
C-G2-077,P34-SOLENTHANTS,CONTEXT,DESIGNER;DELIVERER;LEAD_CONSULTANT,Network spillover interpretation; advertising/marketing co-located with professional services; Services supply chain 31246 and Tech supply chain 21387; HDBSCAN spatial clustering,CONTEXT,DESIGNER;DELIVERER;LEAD_CONSULTANT,Network spillover interpretation; advertising/marketing co-located with professional services; Services supply chain 31246 and Tech supply chain 21387; HDBSCAN spatial clustering,
