claim_id,claim_type,old_effect_family,new_effect_family
C-R3-001,CONTEXT,CONTEXTUAL,NOT_APPLICABLE
C-R3-002,CONTEXT,CONTEXTUAL,NOT_APPLICABLE
C-R3-009,CONTEXT,CONTEXTUAL,NOT_APPLICABLE
C-R3-014,CONTEXT,CONTEXTUAL,NOT_APPLICABLE
C-R3-015,CONTEXT,CONTEXTUAL,NOT_APPLICABLE
C-R3-027,CONTEXT,CONTEXTUAL,NOT_APPLICABLE
C-R3-030,CONTEXT,CONTEXTUAL,NOT_APPLICABLE
C-R3-031,CONTEXT,CONTEXTUAL,NOT_APPLICABLE
C-R3-032,CONTEXT,CONTEXTUAL,NOT_APPLICABLE
C-R3-034,CONTEXT,CONTEXTUAL,NOT_APPLICABLE
C-R3-038,CONTEXT,CONTEXTUAL,NOT_APPLICABLE
C-G2-001,CONTEXT,CONTEXTUAL,NOT_APPLICABLE
C-G2-002,CONTEXT,CONTEXTUAL,NOT_APPLICABLE
C-G2-007,CONTEXT,CONTEXTUAL,NOT_APPLICABLE
C-G2-008,CONTEXT,CONTEXTUAL,NOT_APPLICABLE
C-G2-009,CONTEXT,CONTEXTUAL,NOT_APPLICABLE
C-G2-010,CONTEXT,CONTEXTUAL,NOT_APPLICABLE
C-G2-011,CONTEXT,CONTEXTUAL,NOT_APPLICABLE
C-G2-013,CONTEXT,CONTEXTUAL,NOT_APPLICABLE
C-G2-015,CONTEXT,CONTEXTUAL,NOT_APPLICABLE
C-G2-018,CONTEXT,CONTEXTUAL,NOT_APPLICABLE
C-G2-019,CONTEXT,CONTEXTUAL,NOT_APPLICABLE
C-G2-020,CONTEXT,CONTEXTUAL,NOT_APPLICABLE
C-G2-021,CONTEXT,CONTEXTUAL,NOT_APPLICABLE
C-G2-025,CONTEXT,CONTEXTUAL,NOT_APPLICABLE
C-G2-028,CONTEXT,CONTEXTUAL,NOT_APPLICABLE
C-G2-029,CONTEXT,CONTEXTUAL,NOT_APPLICABLE
C-G2-030,CONTEXT,CONTEXTUAL,NOT_APPLICABLE
C-G2-032,CONTEXT,CONTEXTUAL,NOT_APPLICABLE
C-G2-033,CONTEXT,CONTEXTUAL,NOT_APPLICABLE
C-G2-035,CONTEXT,CONTEXTUAL,NOT_APPLICABLE
C-G2-043,CONTEXT,CONTEXTUAL,NOT_APPLICABLE
C-G2-044,CONTEXT,CONTEXTUAL,NOT_APPLICABLE
C-G2-045,CONTEXT,CONTEXTUAL,NOT_APPLICABLE
C-G2-047,CONTEXT,CONTEXTUAL,NOT_APPLICABLE
C-G2-049,CONTEXT,CONTEXTUAL,NOT_APPLICABLE
C-G2-050,CONTEXT,CONTEXTUAL,NOT_APPLICABLE
C-G2-053,CONTEXT,CONTEXTUAL,NOT_APPLICABLE
C-G2-058,CONTEXT,CONTEXTUAL,NOT_APPLICABLE
C-G2-059,CONTEXT,CONTEXTUAL,NOT_APPLICABLE
C-G2-062,CONTEXT,CONTEXTUAL,NOT_APPLICABLE
C-G2-064,CONTEXT,CONTEXTUAL,NOT_APPLICABLE
C-G2-066,CONTEXT,CONTEXTUAL,NOT_APPLICABLE
C-G2-067,CONTEXT,CONTEXTUAL,NOT_APPLICABLE
C-G2-068,CONTEXT,CONTEXTUAL,NOT_APPLICABLE
C-G2-070,CONTEXT,CONTEXTUAL,NOT_APPLICABLE
C-G2-071,CONTEXT,CONTEXTUAL,NOT_APPLICABLE
C-G2-075,CONTEXT,CONTEXTUAL,NOT_APPLICABLE
C-G2-078,CONTEXT,CONTEXTUAL,NOT_APPLICABLE
C-G2-079,CONTEXT,CONTEXTUAL,NOT_APPLICABLE
C-G2-080,CONTEXT,CONTEXTUAL,NOT_APPLICABLE
C-G2-081,CONTEXT,CONTEXTUAL,NOT_APPLICABLE
C-G2-082,CONTEXT,CONTEXTUAL,NOT_APPLICABLE
C-G2-083,CONTEXT,CONTEXTUAL,NOT_APPLICABLE
C-G2-084,CONTEXT,CONTEXTUAL,NOT_APPLICABLE
C-G2-085,CONTEXT,CONTEXTUAL,NOT_APPLICABLE
C-G2-086,CONTEXT,CONTEXTUAL,NOT_APPLICABLE
C-G2-087,CONTEXT,CONTEXTUAL,NOT_APPLICABLE
C-G2-101,CONTEXT,CONTEXTUAL,NOT_APPLICABLE
C-G2-102,CONTEXT,CONTEXTUAL,NOT_APPLICABLE
C-G2-103,CONTEXT,CONTEXTUAL,NOT_APPLICABLE
C-G2-104,CONTEXT,CONTEXTUAL,NOT_APPLICABLE
C-G2-105,CONTEXT,CONTEXTUAL,NOT_APPLICABLE
C-G2-106,CONTEXT,CONTEXTUAL,NOT_APPLICABLE
C-G2-131,CONTEXT,CONTEXTUAL,NOT_APPLICABLE
C-G2-132,CONTEXT,CONTEXTUAL,NOT_APPLICABLE
C-G2-133,CONTEXT,CONTEXTUAL,NOT_APPLICABLE
C-G2-148,CONTEXT,CONTEXTUAL,NOT_APPLICABLE
C-G2-149,CONTEXT,CONTEXTUAL,NOT_APPLICABLE
C-G2-150,CONTEXT,CONTEXTUAL,NOT_APPLICABLE
C-G2-151,CONTEXT,CONTEXTUAL,NOT_APPLICABLE
C-G2-152,CONTEXT,CONTEXTUAL,NOT_APPLICABLE
C-G2-153,CONTEXT,CONTEXTUAL,NOT_APPLICABLE
C-G2-159,CONTEXT,CONTEXTUAL,NOT_APPLICABLE
C-G2-160,CONTEXT,CONTEXTUAL,NOT_APPLICABLE
C-G2-161,CONTEXT,CONTEXTUAL,NOT_APPLICABLE
C-G2-162,CONTEXT,CONTEXTUAL,NOT_APPLICABLE
C-G2-163,CONTEXT,CONTEXTUAL,NOT_APPLICABLE
C-G2-164,CONTEXT,CONTEXTUAL,NOT_APPLICABLE
C-G2-171,CONTEXT,CONTEXTUAL,NOT_APPLICABLE
C-G2-172,CONTEXT,CONTEXTUAL,NOT_APPLICABLE
C-G2-182,CONTEXT,CONTEXTUAL,NOT_APPLICABLE
C-G2-188,CONTEXT,CONTEXTUAL,NOT_APPLICABLE
C-G2-200,CONTEXT,CONTEXTUAL,NOT_APPLICABLE
C-G2-201,CONTEXT,CONTEXTUAL,NOT_APPLICABLE
C-G2-204,CONTEXT,CONTEXTUAL,NOT_APPLICABLE
C-G2-205,CONTEXT,CONTEXTUAL,NOT_APPLICABLE
C-G2-208,CONTEXT,CONTEXTUAL,NOT_APPLICABLE
C-G2-211,CONTEXT,CONTEXTUAL,NOT_APPLICABLE
C-G2-212,CONTEXT,CONTEXTUAL,NOT_APPLICABLE
C-G2-213,CONTEXT,CONTEXTUAL,NOT_APPLICABLE
C-G2-214,CONTEXT,CONTEXTUAL,NOT_APPLICABLE
C-G2-215,CONTEXT,CONTEXTUAL,NOT_APPLICABLE
C-G2-218,CONTEXT,CONTEXTUAL,NOT_APPLICABLE
C-G2-220,CONTEXT,CONTEXTUAL,NOT_APPLICABLE
C-G2-227,CONTEXT,CONTEXTUAL,NOT_APPLICABLE
C-G2-242,CONTEXT,CONTEXTUAL,NOT_APPLICABLE
C-G2-245,CONTEXT,CONTEXTUAL,NOT_APPLICABLE
C-G2-250,CONTEXT,CONTEXTUAL,NOT_APPLICABLE
C-G2-253,CONTEXT,CONTEXTUAL,NOT_APPLICABLE
C-G2-254,CONTEXT,CONTEXTUAL,NOT_APPLICABLE
C-G2-257,CONTEXT,CONTEXTUAL,NOT_APPLICABLE
C-G2-258,CONTEXT,CONTEXTUAL,NOT_APPLICABLE
C-G2-259,CONTEXT,CONTEXTUAL,NOT_APPLICABLE
C-G2-269,CONTEXT,CONTEXTUAL,NOT_APPLICABLE
C-G2-270,CONTEXT,CONTEXTUAL,NOT_APPLICABLE
C-G2-271,CONTEXT,CONTEXTUAL,NOT_APPLICABLE
C-G2-280,CONTEXT,CONTEXTUAL,NOT_APPLICABLE
C-G2-281,CONTEXT,CONTEXTUAL,NOT_APPLICABLE
C-G2-282,CONTEXT,CONTEXTUAL,NOT_APPLICABLE
C-G2-283,CONTEXT,CONTEXTUAL,NOT_APPLICABLE
C-G2-288,CONTEXT,CONTEXTUAL,NOT_APPLICABLE
C-G2-291,CONTEXT,CONTEXTUAL,NOT_APPLICABLE
C-G2-294,CONTEXT,CONTEXTUAL,NOT_APPLICABLE
C-G2-295,CONTEXT,CONTEXTUAL,NOT_APPLICABLE
C-G2-296,CONTEXT,CONTEXTUAL,NOT_APPLICABLE
C-G2-300,CONTEXT,CONTEXTUAL,NOT_APPLICABLE
C-G2-301,CONTEXT,CONTEXTUAL,NOT_APPLICABLE
C-G2-302,CONTEXT,CONTEXTUAL,NOT_APPLICABLE
C-G2-303,CONTEXT,CONTEXTUAL,NOT_APPLICABLE
C-G2-306,CONTEXT,CONTEXTUAL,NOT_APPLICABLE
C-G2-307,CONTEXT,CONTEXTUAL,NOT_APPLICABLE
C-G2-309,CONTEXT,CONTEXTUAL,NOT_APPLICABLE
C-G2-316,CONTEXT,CONTEXTUAL,NOT_APPLICABLE
C-G2-317,CONTEXT,CONTEXTUAL,NOT_APPLICABLE
C-G2-318,CONTEXT,CONTEXTUAL,NOT_APPLICABLE
C-G2-323,CONTEXT,CONTEXTUAL,NOT_APPLICABLE
C-G2-325,CONTEXT,CONTEXTUAL,NOT_APPLICABLE
C-G2-326,CONTEXT,CONTEXTUAL,NOT_APPLICABLE
C-G2-329,CONTEXT,CONTEXTUAL,NOT_APPLICABLE
C-G2-330,CONTEXT,CONTEXTUAL,NOT_APPLICABLE
C-G2-331,CONTEXT,CONTEXTUAL,NOT_APPLICABLE
C-G2-332,CONTEXT,CONTEXTUAL,NOT_APPLICABLE
C-G2-333,CONTEXT,CONTEXTUAL,NOT_APPLICABLE
C-G2-334,CONTEXT,CONTEXTUAL,NOT_APPLICABLE
C-G2-335,CONTEXT,CONTEXTUAL,NOT_APPLICABLE
C-G2-336,CONTEXT,CONTEXTUAL,NOT_APPLICABLE
C-G2-337,CONTEXT,CONTEXTUAL,NOT_APPLICABLE
C-G2-338,CONTEXT,CONTEXTUAL,NOT_APPLICABLE
C-G2-339,CONTEXT,CONTEXTUAL,NOT_APPLICABLE
C-G2-340,CONTEXT,CONTEXTUAL,NOT_APPLICABLE
C-G2-341,CONTEXT,CONTEXTUAL,NOT_APPLICABLE
C-G2-343,CONTEXT,CONTEXTUAL,NOT_APPLICABLE
C-G2-344,CONTEXT,CONTEXTUAL,NOT_APPLICABLE
C-G2-345,CONTEXT,CONTEXTUAL,NOT_APPLICABLE
C-G2-346,CONTEXT,CONTEXTUAL,NOT_APPLICABLE
C-G2-350,CONTEXT,CONTEXTUAL,NOT_APPLICABLE
C-G2-381,CONTEXT,CONTEXTUAL,NOT_APPLICABLE
C-G2-382,CONTEXT,CONTEXTUAL,NOT_APPLICABLE
C-G2-383,CONTEXT,CONTEXTUAL,NOT_APPLICABLE
C-G2-384,CONTEXT,CONTEXTUAL,NOT_APPLICABLE
C-G2-413,CONTEXT,CONTEXTUAL,NOT_APPLICABLE
C-G2-415,CONTEXT,CONTEXTUAL,NOT_APPLICABLE
C-G2-416,CONTEXT,CONTEXTUAL,NOT_APPLICABLE
C-G2-417,CONTEXT,CONTEXTUAL,NOT_APPLICABLE
C-G2-418,CONTEXT,CONTEXTUAL,NOT_APPLICABLE
C-G2-419,CONTEXT,CONTEXTUAL,NOT_APPLICABLE
C-G2-429,CONTEXT,CONTEXTUAL,NOT_APPLICABLE
C-G2-430,CONTEXT,CONTEXTUAL,NOT_APPLICABLE
C-G2-432,CONTEXT,CONTEXTUAL,NOT_APPLICABLE
C-G2-433,CONTEXT,CONTEXTUAL,NOT_APPLICABLE
C-G2-434,CONTEXT,CONTEXTUAL,NOT_APPLICABLE
C-G2-439,CONTEXT,CONTEXTUAL,NOT_APPLICABLE
C-G2-444,CONTEXT,CONTEXTUAL,NOT_APPLICABLE
C-G2-445,CONTEXT,CONTEXTUAL,NOT_APPLICABLE
C-G2-453,CONTEXT,CONTEXTUAL,NOT_APPLICABLE
C-G2-462,CONTEXT,CONTEXTUAL,NOT_APPLICABLE
C-G2-463,CONTEXT,CONTEXTUAL,NOT_APPLICABLE
C-G2-464,CONTEXT,CONTEXTUAL,NOT_APPLICABLE
C-G2-466,CONTEXT,CONTEXTUAL,NOT_APPLICABLE
C-G2-467,CONTEXT,CONTEXTUAL,NOT_APPLICABLE
C-G2-468,CONTEXT,CONTEXTUAL,NOT_APPLICABLE
C-G2-474,CONTEXT,CONTEXTUAL,NOT_APPLICABLE
C-G2-478,CONTEXT,CONTEXTUAL,NOT_APPLICABLE
C-G2-479,CONTEXT,CONTEXTUAL,NOT_APPLICABLE
C-G2-482,CONTEXT,CONTEXTUAL,NOT_APPLICABLE
C-G2-483,CONTEXT,CONTEXTUAL,NOT_APPLICABLE
C-G2-484,CONTEXT,CONTEXTUAL,NOT_APPLICABLE
C-G2-489,CONTEXT,CONTEXTUAL,NOT_APPLICABLE
C-G2-491,CONTEXT,CONTEXTUAL,NOT_APPLICABLE
C-G2-492,CONTEXT,CONTEXTUAL,NOT_APPLICABLE
C-G2-493,CONTEXT,CONTEXTUAL,NOT_APPLICABLE
C-G2-494,CONTEXT,CONTEXTUAL,NOT_APPLICABLE
C-G2-495,CONTEXT,CONTEXTUAL,NOT_APPLICABLE
C-G2-498,CONTEXT,CONTEXTUAL,NOT_APPLICABLE
C-G2-499,CONTEXT,CONTEXTUAL,NOT_APPLICABLE
C-G2-500,CONTEXT,CONTEXTUAL,NOT_APPLICABLE
C-G2-504,CONTEXT,CONTEXTUAL,NOT_APPLICABLE
C-G2-505,CONTEXT,CONTEXTUAL,NOT_APPLICABLE
C-G2-506,CONTEXT,CONTEXTUAL,NOT_APPLICABLE
C-G2-507,CONTEXT,CONTEXTUAL,NOT_APPLICABLE
C-G2-511,CONTEXT,CONTEXTUAL,NOT_APPLICABLE
C-G2-512,CONTEXT,CONTEXTUAL,NOT_APPLICABLE
C-G2-514,CONTEXT,CONTEXTUAL,NOT_APPLICABLE
C-G2-516,CONTEXT,CONTEXTUAL,NOT_APPLICABLE
C-G2-517,CONTEXT,CONTEXTUAL,NOT_APPLICABLE
C-G2-518,CONTEXT,CONTEXTUAL,NOT_APPLICABLE
C-G2-519,CONTEXT,CONTEXTUAL,NOT_APPLICABLE
C-G2-520,CONTEXT,CONTEXTUAL,NOT_APPLICABLE
C-G2-521,CONTEXT,CONTEXTUAL,NOT_APPLICABLE
