project_id,project_name,client,lifecycle_status,E1_delivered,E2_citable,E3_lapsed_option,E4_method_current,E5_role_wording,delivered_output,effect_reported,effect_as_evaluator,documented_use,design,context,corroborated_claims,E1_basis,E2_basis,E5_basis,E4_note,referee_permission,fully_determinable
P01-NES,North East Scotland Creative Industries Mapping,Aberdeen City Council / Aberdeenshire Council,COMPLETED,PASS,PASS,PASS,PASS,PASS,14,6,0,0,15,25,0,IAIN_STATEMENT,IAIN_STATEMENT,no basis recorded,,NOT_ESTABLISHED,YES
P02-FGTG,From Good to Great (Innovate GM / Innovate UK),Manchester Metropolitan University (on behalf of GM partners and universities),COMPLETED,PASS,PASS,PASS,PASS,PASS,3,13,0,0,15,4,0,IAIN_STATEMENT,IAIN_STATEMENT,no basis recorded,,NOT_ESTABLISHED,YES
P03-MITIH,MITIH Createch Ecosystem (MediaCity ITIH),MediaCity / Innovate UK,COMPLETED,PASS,PASS,PASS,PASS,PASS,6,3,1,0,4,8,0,IAIN_STATEMENT,IAIN_STATEMENT,IAIN_STATEMENT,,NOT_ESTABLISHED,YES
P04-GBSLEP,GBSLEP Creative Economy Mapping,Greater Birmingham & Solihull LEP,COMPLETED,PASS,PASS,PASS,PASS,PASS,4,4,0,0,2,10,0,IAIN_STATEMENT,IAIN_STATEMENT,IAIN_STATEMENT,,NOT_ESTABLISHED,YES
P05-WMCA,WMCA Creative Business Scaleup,West Midlands Combined Authority,COMPLETED,PASS,PASS,PASS,PASS,PASS,7,0,0,0,0,5,0,IAIN_STATEMENT,IAIN_STATEMENT,IAIN_STATEMENT,,NOT_ESTABLISHED,YES
P06-COSTAR,CoSTAR bid support,CoSTAR consortium (GMCA SODA Factory International Magnopus AND FutureEverything),COMPLETED,PASS,PASS,PASS,PASS,PASS,2,2,0,0,5,3,0,IAIN_STATEMENT,IAIN_STATEMENT,IAIN_STATEMENT,,NOT_ESTABLISHED,YES
P07-CC,Creative City (SIPF application),Manchester Metropolitan University (MMU),COMPLETED,PASS,PASS,PASS,PASS,PASS,1,0,0,0,4,0,0,IAIN_STATEMENT,IAIN_STATEMENT,IAIN_STATEMENT,,NOT_ESTABLISHED,YES
P08-LIVDCI,Liverpool City Region Digital & Creative Industries Cluster Mapping,Liverpool City Region,COMPLETED,PASS,PASS,PASS,PASS,PASS,7,0,0,0,3,8,0,IAIN_STATEMENT,IAIN_STATEMENT,no basis recorded,,NOT_ESTABLISHED,YES
P09-CDEC,Creative Digital Economy Catapult challenges paper,CDEC (became Digital Catapult),COMPLETED,PASS,PASS,PASS,PASS,PASS,3,0,0,0,5,3,0,IAIN_STATEMENT,IAIN_STATEMENT,IAIN_STATEMENT,,NOT_ESTABLISHED,YES
P10-KIRK,Kirklees Creative Industries Mapping (three cycles: 2022 2024 2026),Kirklees Council / West Yorkshire Combined Authority,IN_PROGRESS,FAIL,UNKNOWN,PASS,PASS,PASS,4,2,0,0,2,11,0,,,no basis recorded,,NOT_ESTABLISHED,NO
P11-ELFC,East London Fashion Cluster Growth Strategy,London College of Fashion / Greater London Authority,COMPLETED,PASS,PASS,PASS,PASS,PASS,1,0,0,0,8,11,0,IAIN_STATEMENT,no basis recorded,no basis recorded,,NOT_ESTABLISHED,YES
P12-KIRK15,Kirklees Creative Economy Analysis 2015,Kirklees Council,COMPLETED,PASS,PASS,PASS,PASS,PASS,2,0,0,0,0,8,0,IAIN_STATEMENT,no basis recorded,no basis recorded,,NOT_ESTABLISHED,YES
P13-CWL,Creativeworks London KE Hub Evaluation,AHRC / Creativeworks London,COMPLETED,PASS,PASS,PASS,PASS,PASS,0,0,1,0,0,3,0,IAIN_STATEMENT,no basis recorded,no basis recorded,linked statement MS-02 is DRAFT,NOT_ESTABLISHED,YES
P14-DCAT,UK Immersive Technology Sector Mapping,Digital Catapult / Innovate UK,COMPLETED,PASS,PASS,PASS,PASS,PASS,0,0,0,0,2,2,0,IAIN_STATEMENT,no basis recorded,no basis recorded,,NOT_ESTABLISHED,YES
P15-LIVMUS,Liverpool City of Music Strategy,Culture Liverpool / Liverpool City Council,COMPLETED,PASS,PASS,PASS,PASS,PASS,0,0,0,0,2,3,0,IAIN_STATEMENT,no basis recorded,no basis recorded,,NOT_ESTABLISHED,YES
P16-CICP,CICP Impact and Delivery Evaluation,UKRI / AHRC,COMPLETED,PASS,PASS,PASS,PASS,PASS,1,0,0,0,0,0,0,IAIN_STATEMENT,no basis recorded,no basis recorded,linked statement MS-03 is DRAFT,NOT_ESTABLISHED,YES
P17-LCRCSU,Leeds City Region Creative Scale Up Evidence Base,Leeds City Region / WYCA,COMPLETED,PASS,PASS,PASS,PASS,PASS,0,0,0,0,1,1,0,IAIN_STATEMENT,no basis recorded,no basis recorded,,NOT_ESTABLISHED,YES
P18-GRIMSBY,Grimsby Cultural and Creative Industries Baseline,North East Lincolnshire Council / Magna Vitae,COMPLETED,PASS,PASS,PASS,PASS,PASS,0,0,0,0,0,1,0,IAIN_STATEMENT,no basis recorded,no basis recorded,,NOT_ESTABLISHED,YES
P19-LCRIMM,LCR Immersive Technology Sector Mapping,Growth Platform / LCR,COMPLETED,PASS,PASS,PASS,PASS,PASS,0,0,0,0,1,3,0,IAIN_STATEMENT,no basis recorded,no basis recorded,,NOT_ESTABLISHED,YES
P20-SYMCA21,SYMCA Cultural and Creative Industries Research 2021,South Yorkshire Mayoral Combined Authority,COMPLETED,PASS,PASS,PASS,PASS,PASS,0,0,0,0,0,3,0,IAIN_STATEMENT,no basis recorded,no basis recorded,,NOT_ESTABLISHED,YES
P21-MMUCCI,MMU Cultural and Creative Industries Positioning,Manchester Metropolitan University,COMPLETED,PASS,PASS,PASS,PASS,PASS,0,0,0,0,0,2,0,IAIN_STATEMENT,no basis recorded,no basis recorded,,NOT_ESTABLISHED,YES
P22-LCRFILM,LCR Film and TV Production Fund Interim Evaluation,Liverpool City Region Combined Authority,COMPLETED,PASS,PASS,PASS,PASS,PASS,3,0,1,0,1,0,0,IAIN_STATEMENT,no basis recorded,no basis recorded,linked statement MS-02 is DRAFT,NOT_ESTABLISHED,YES
P23-DERBY,Derby and Derbyshire Screen Agency Feasibility,Derby City Council / Derbyshire County Council,COMPLETED,PASS,PASS,PASS,PASS,PASS,0,0,0,0,1,0,0,IAIN_STATEMENT,no basis recorded,no basis recorded,,NOT_ESTABLISHED,YES
P24-SYMCACGP,SYMCA Create Growth Programme Final Report,South Yorkshire Mayoral Combined Authority,COMPLETED,PASS,PASS,PASS,PASS,PASS,0,0,0,0,1,3,0,IAIN_STATEMENT,no basis recorded,no basis recorded,,NOT_ESTABLISHED,YES
P25-LANCGP,Lancashire Create Growth Programme Bid,Lancashire LEP / Lancashire County Council,COMPLETED,PASS,PASS,PASS,PASS,PASS,0,0,0,0,1,1,0,IAIN_STATEMENT,no basis recorded,DOCUMENT,,NOT_ESTABLISHED,YES
P26-WSBH,West Sussex Brighton and Hove Lewes CI Strategy,Greater Brighton Economic Board / Coastal West Sussex Partnership,COMPLETED,PASS,PASS,PASS,PASS,PASS,0,0,0,0,0,3,0,IAIN_STATEMENT,no basis recorded,no basis recorded,,NOT_ESTABLISHED,YES
P27-WAKECDF,Wakefield Cultural Development Fund Evaluation,Wakefield Council,COMPLETED,PASS,PASS,PASS,PASS,PASS,1,0,4,0,0,2,0,IAIN_STATEMENT,no basis recorded,no basis recorded,linked statement MS-02 is DRAFT,NOT_ESTABLISHED,YES
P28-CALDER,Calderdale CCI Research Report,Calderdale Council,COMPLETED,PASS,PASS,PASS,PASS,PASS,0,0,0,0,1,2,0,IAIN_STATEMENT,no basis recorded,no basis recorded,,NOT_ESTABLISHED,YES
P29-SOLENTCGP,Solent Create Growth Programme Bid Development,Solent LEP,COMPLETED,PASS,PASS,PASS,PASS,PASS,0,0,0,0,1,1,0,IAIN_STATEMENT,no basis recorded,no basis recorded,,NOT_ESTABLISHED,YES
P30-HEREFORD,Herefordshire Culture Strategy Review,Herefordshire Council,COMPLETED,PASS,PASS,PASS,PASS,PASS,0,0,0,0,1,1,0,IAIN_STATEMENT,no basis recorded,no basis recorded,,NOT_ESTABLISHED,YES
P31-PRODPARK,Production Park GVA Study,Production Park / Wakefield Council,ON_HOLD,FAIL,FAIL,PASS,PASS,PASS,0,0,0,0,0,1,0,,IAIN_STATEMENT,no basis recorded,,NOT_ESTABLISHED,YES
P32-SURREY,Surrey+ Creative Corridor Strategic Framework,Surrey County Council / Surrey+ partnership,COMPLETED,PASS,PASS,PASS,PASS,PASS,0,0,0,0,1,2,0,IAIN_STATEMENT,no basis recorded,no basis recorded,,NOT_ESTABLISHED,YES
P33-LCRMUS,LCR Music Economy Mapping,Liverpool City Region,COMPLETED,PASS,PASS,PASS,PASS,PASS,1,0,0,0,2,2,0,IAIN_STATEMENT,no basis recorded,no basis recorded,,NOT_ESTABLISHED,YES
P34-SOLENTHANTS,Solent and Hampshire CA CI Mapping,Solent and Hampshire Combined Authority,COMPLETED,PASS,PASS,PASS,PASS,PASS,0,0,0,0,0,3,0,IAIN_STATEMENT,no basis recorded,no basis recorded,,NOT_ESTABLISHED,YES
P35-DERBYMAP,Derby Cultural Masterplan Compact and Manifesto,Derby City Council,COMPLETED,PASS,PASS,PASS,UNKNOWN,PASS,1,0,0,0,0,1,0,IAIN_STATEMENT,no basis recorded,no basis recorded,,NOT_ESTABLISHED,NO
P37,Proving Services Suffolk (FHRG),Suffolk County Council,COMPLETED,PASS,PASS,PASS,UNKNOWN,PASS,3,0,0,0,2,1,0,IAIN_STATEMENT,no basis recorded,IAIN_STATEMENT,,NOT_ESTABLISHED,NO
P43,BAC + LIVR Project Evaluation,Battersea Arts Centre/LIVR,COMPLETED,PASS,PASS,PASS,UNKNOWN,PASS,2,0,2,0,1,1,0,IAIN_STATEMENT,no basis recorded,IAIN_STATEMENT,,NOT_ESTABLISHED,NO
P45,Lancashire Digital Strategy,Lancashire County Council,COMPLETED,PASS,PASS,PASS,UNKNOWN,PASS,0,0,0,0,6,1,0,IAIN_STATEMENT,no basis recorded,IAIN_STATEMENT,,NOT_ESTABLISHED,NO
P46,Tees Valley Creative Economy Baseline,Tees Valley Combined Authority,COMPLETED,PASS,PASS,PASS,UNKNOWN,PASS,3,4,0,0,5,11,0,IAIN_STATEMENT,no basis recorded,IAIN_STATEMENT,,NOT_ESTABLISHED,NO
P47,WMGC Pitch Books,West Midlands Growth Company,COMPLETED,PASS,PASS,PASS,UNKNOWN,PASS,2,0,0,0,0,1,0,IAIN_STATEMENT,no basis recorded,IAIN_STATEMENT,,NOT_ESTABLISHED,NO
P48,Wakefield Creative Skills Development,Creative Wakefield,COMPLETED,PASS,PASS,PASS,UNKNOWN,PASS,2,0,0,0,2,4,0,IAIN_STATEMENT,no basis recorded,IAIN_STATEMENT,,NOT_ESTABLISHED,NO
P50,UKRI Liverpool Visit and CoSTAR Engagement,UKRI,COMPLETED,PASS,PASS,PASS,UNKNOWN,PASS,0,0,0,0,2,4,0,IAIN_STATEMENT,no basis recorded,IAIN_STATEMENT,,NOT_ESTABLISHED,NO
P51,SYMCA Culture Additional Restrictions Grant (ARG) Evaluation,South Yorkshire Mayoral Combined Authority,COMPLETED,PASS,PASS,PASS,UNKNOWN,PASS,1,0,6,0,0,2,0,IAIN_STATEMENT,no basis recorded,IAIN_STATEMENT,,NOT_ESTABLISHED,NO
P52,Somerset Cultural Strategy,Somerset Council,COMPLETED,PASS,PASS,PASS,UNKNOWN,PASS,0,3,0,0,3,6,0,IAIN_STATEMENT,no basis recorded,IAIN_STATEMENT,,NOT_ESTABLISHED,NO
P54,Manchester Place Partnership,Manchester City Council,COMPLETED,PASS,PASS,PASS,UNKNOWN,PASS,1,0,0,0,4,1,0,IAIN_STATEMENT,no basis recorded,IAIN_STATEMENT,,NOT_ESTABLISHED,NO
P57,Rushmoor Cultural Strategy and Compact,Rushmoor Council,COMPLETED,PASS,PASS,PASS,UNKNOWN,PASS,2,2,0,0,1,4,0,IAIN_STATEMENT,no basis recorded,IAIN_STATEMENT,,NOT_ESTABLISHED,NO
P58,Plymouth National Marine Park,Plymouth City Council,COMPLETED,PASS,PASS,PASS,UNKNOWN,PASS,3,3,0,0,0,0,0,IAIN_STATEMENT,no basis recorded,IAIN_STATEMENT,,NOT_ESTABLISHED,NO
P61,Leicester Cultural Compact,Leicester City Council,COMPLETED,PASS,PASS,PASS,UNKNOWN,PASS,1,0,0,0,2,1,0,IAIN_STATEMENT,no basis recorded,IAIN_STATEMENT,,NOT_ESTABLISHED,NO
P62,Theatre Royal Plymouth Engagement,Theatre Royal Plymouth,COMPLETED,PASS,PASS,PASS,UNKNOWN,PASS,2,5,0,0,2,2,0,IAIN_STATEMENT,no basis recorded,IAIN_STATEMENT,,NOT_ESTABLISHED,NO
P63,University of Liverpool Heritage CPD,University of Liverpool,COMPLETED,PASS,PASS,PASS,UNKNOWN,PASS,1,0,0,0,2,1,0,IAIN_STATEMENT,no basis recorded,IAIN_STATEMENT,,NOT_ESTABLISHED,NO
P64-BCJ,Wakefield Our Year 2024 Business Case Justification (BCJ),Wakefield Council,COMPLETED,PASS,PASS,PASS,UNKNOWN,PASS,4,0,0,0,1,1,0,IAIN_STATEMENT,no basis recorded,IAIN_STATEMENT,,NOT_ESTABLISHED,NO
P68,WYCA WY Create,West Yorkshire Combined Authority,IN_PROGRESS,FAIL,FAIL,PASS,UNKNOWN,UNKNOWN,1,0,0,0,0,2,0,,,,,NOT_ESTABLISHED,NO
P69-OURYEAR,Wakefield Our Year 24 Evaluation,Wakefield Council,COMPLETED,PASS,PASS,PASS,UNKNOWN,PASS,10,10,0,0,4,6,0,IAIN_STATEMENT,no basis recorded,IAIN_STATEMENT,,NOT_ESTABLISHED,NO
P70,Wakefield CCI Skills Needs Assessment,Wakefield Council,COMPLETED,PASS,PASS,PASS,UNKNOWN,PASS,2,0,0,0,2,3,0,IAIN_STATEMENT,no basis recorded,IAIN_STATEMENT,,NOT_ESTABLISHED,NO
P73,City St George's SCCI,City St George's University,IN_PROGRESS,FAIL,PASS,PASS,UNKNOWN,UNKNOWN,0,0,0,0,6,1,0,,no basis recorded,,,NOT_ESTABLISHED,NO
P75-LANC,Lancaster AHRC CIC workshop and summary report,Lancaster University,COMPLETED,PASS,PASS,PASS,UNKNOWN,PASS,0,0,0,0,0,1,0,IAIN_STATEMENT,no basis recorded,DOCUMENT,,NOT_ESTABLISHED,NO
P76,Lancaster Uni Horizon Bid (Virtual Agora),Lancaster University,COMPLETED,PASS,PASS,PASS,UNKNOWN,PASS,0,0,0,0,8,0,0,IAIN_STATEMENT,no basis recorded,DOCUMENT,,NOT_ESTABLISHED,NO
P78-BEATLES,Beatles Visitor Impact Study,Beatles Legacy Group (unconstituted) — funded via Liverpool BID,COMPLETED,PASS,PASS,PASS,PASS,PASS,3,0,0,0,3,10,0,VERBAL_CLIENT,no basis recorded,no basis recorded,linked statement MS-01 is DRAFT,NOT_ESTABLISHED,YES
P79-CELL,CELL,CELL,IN_PROGRESS,FAIL,PASS,PASS,UNKNOWN,PASS,3,0,0,0,3,2,0,IAIN_STATEMENT,no basis recorded,IAIN_STATEMENT,,NOT_ESTABLISHED,NO
P80,Southampton Forward Strategic Review,Southampton Forward,IN_PROGRESS,FAIL,FAIL,PASS,UNKNOWN,UNKNOWN,0,0,0,0,3,5,0,,,,,NOT_ESTABLISHED,NO
P81-WB6,WB6 Creative Economy Pulse,British Council,IN_PROGRESS,FAIL,FAIL,PASS,UNKNOWN,UNKNOWN,1,0,0,0,2,4,0,,,,,NOT_ESTABLISHED,NO
P82-KOTOR,British Council Kotor Exchange Pilot (FCDO-funded),British Council,IN_PROGRESS,FAIL,PASS,PASS,UNKNOWN,PASS,1,4,0,0,1,1,0,,no basis recorded,no basis recorded,,NOT_ESTABLISHED,NO
P83-BCWB,British Council Creative Economy Council Development (MNE NM + WB),British Council,IN_PROGRESS,FAIL,PASS,PASS,UNKNOWN,PASS,6,5,0,0,3,5,0,,no basis recorded,no basis recorded,,NOT_ESTABLISHED,NO
P84,Herefordshire Culture Strategy,Herefordshire Cultural Partnership,COMPLETED,PASS,PASS,PASS,UNKNOWN,PASS,2,0,0,0,3,4,0,IAIN_STATEMENT,no basis recorded,IAIN_STATEMENT,,NOT_ESTABLISHED,NO
P85-AMGEN,AMGEN AHRC Creative Industries Cluster Programme Bid (University of South Wales),University of South Wales (bid lead),COMPLETED,PASS,PASS,PASS,UNKNOWN,PASS,2,0,0,0,0,1,0,IAIN_STATEMENT,no basis recorded,no basis recorded,,NOT_ESTABLISHED,NO
P86-CSSAL,Creative Scotland Salary Benchmarking Framework,Creative Scotland,IN_PROGRESS,FAIL,FAIL,PASS,UNKNOWN,PASS,0,0,0,0,1,0,0,,,IAIN_STATEMENT,,NOT_ESTABLISHED,NO
P87-TRUENORTH,True North CICP2 bid support (Lancaster),Lancaster University,COMPLETED,PASS,PASS,PASS,UNKNOWN,PASS,0,0,0,0,1,1,0,IAIN_STATEMENT,no basis recorded,no basis recorded,,NOT_ESTABLISHED,NO
P88-LCRPF24,LCR Production Fund Final Evaluation (2024-25),Liverpool City Region Combined Authority,COMPLETED,PASS,PASS,PASS,PASS,PASS,7,0,5,0,2,3,0,IAIN_STATEMENT,no basis recorded,IAIN_STATEMENT,linked statement MS-02 is DRAFT,NOT_ESTABLISHED,YES
P89-LIVMUSLAB,Liverpool Music Lab Feasibility Study,Liverpool City Council,COMPLETED,PASS,PASS,PASS,UNKNOWN,PASS,0,0,0,0,0,1,0,IAIN_STATEMENT,no basis recorded,DOCUMENT,,NOT_ESTABLISHED,NO
P90-CBDP,Creative Scotland Cultural Business Development Programme (Curated Place faculty),Curated Place,IN_PROGRESS,FAIL,UNKNOWN,PASS,UNKNOWN,PASS,0,0,0,0,0,0,0,,,no basis recorded,,NOT_ESTABLISHED,NO
P91-WBSKILLS,British Council Western Balkans Creative Skills Programme,British Council,IN_PROGRESS,FAIL,FAIL,PASS,UNKNOWN,PASS,0,0,0,0,0,0,0,,,no basis recorded,,NOT_ESTABLISHED,NO
P92-BAY,The Bay Cultural Compact Sector Mapping,South Lakeland District Council (for Bay Cultural Compact / ACE Cultural Compact),COMPLETED,UNKNOWN,PASS,PASS,UNKNOWN,PASS,0,0,0,0,0,0,0,,no basis recorded,no basis recorded,,NOT_ESTABLISHED,NO
P93-WOW,Writing on the Wall NPO Application Support,Writing on the Wall,COMPLETED,UNKNOWN,PASS,PASS,UNKNOWN,PASS,0,0,0,0,0,0,0,,no basis recorded,no basis recorded,,NOT_ESTABLISHED,NO
P95-LIVCS30,Liverpool Cultural Strategy 2030,Liverpool City Council / Culture Liverpool,COMPLETED,UNKNOWN,PASS,PASS,UNKNOWN,PASS,0,0,0,0,0,0,0,,no basis recorded,no basis recorded,,NOT_ESTABLISHED,NO
P96-LIVDI,LCR Digital Infrastructure Action Plan,Liverpool City Region LEP,COMPLETED,UNKNOWN,PASS,PASS,UNKNOWN,PASS,0,0,0,0,0,0,0,,no basis recorded,no basis recorded,,NOT_ESTABLISHED,NO
