evidence_id,old_reviewer,old_review_date,old_notes,old_original_locator,old_derived_locator,old_source_family_id,new_notes,new_derived_locator,new_source_family_id,new_codebook_version,new_review_batch
E-G2-033,Iain contributed mapping and methodology via BOP; marginal claim,CICP approach document,extracted_text/SRC-G2-011_v1_full.txt,CICP-FAM,1.3-candidate,G2-BATCH-B,Iain contributed mapping and methodology via BOP; marginal claim | CICP approach document,extracted_text/SRC-G2-011_v1_full.txt,CICP-FAM,1.3-candidate,G2-BATCH-B
E-G2-034,Employment growth from BRES time series,Leeds City Region Creative Scale Up line 12,extracted_text/SRC-G2-012_v1_full.txt,LCRCSU-FAM,1.3-candidate,G2-BATCH-B,Employment growth from BRES time series | Leeds City Region Creative Scale Up line 12,extracted_text/SRC-G2-012_v1_full.txt,LCRCSU-FAM,1.3-candidate,G2-BATCH-B
E-G2-035,Cross-sector spillover forecast from bid evidence,Leeds City Region Creative Scale Up lines 57/104-109,extracted_text/SRC-G2-012_v1_full.txt,LCRCSU-FAM,1.3-candidate,G2-BATCH-B,Cross-sector spillover forecast from bid evidence | Leeds City Region Creative Scale Up lines 57/104-109,extracted_text/SRC-G2-012_v1_full.txt,LCRCSU-FAM,1.3-candidate,G2-BATCH-B
E-G2-036,Fifth Sector contributed mapping data; Magna Vitae authored,NELC Phase 1 Report lines 539-542,extracted_text/SRC-G2-013_v1_full.txt,GRIMSBY-FAM,1.3-candidate,G2-BATCH-B,Fifth Sector contributed mapping data; Magna Vitae authored | NELC Phase 1 Report lines 539-542,extracted_text/SRC-G2-013_v1_full.txt,GRIMSBY-FAM,1.3-candidate,G2-BATCH-B
E-G2-037,Baseline mapping of LCR immersive ecosystem,LCR Immersive report lines 721-724,extracted_text/SRC-G2-014_v1_full.txt,LCRIMM-FAM,1.3-candidate,G2-BATCH-B,Baseline mapping of LCR immersive ecosystem | LCR Immersive report lines 721-724,extracted_text/SRC-G2-014_v1_full.txt,LCRIMM-FAM,1.3-candidate,G2-BATCH-B
E-G2-038,Cross-sector product spillover case studies,LCR Immersive report lines 461-473/1430-1543,extracted_text/SRC-G2-014_v1_full.txt,LCRIMM-FAM,1.3-candidate,G2-BATCH-B,Cross-sector product spillover case studies | LCR Immersive report lines 461-473/1430-1543,extracted_text/SRC-G2-014_v1_full.txt,LCRIMM-FAM,1.3-candidate,G2-BATCH-B
E-G2-039,Network spillover from mapping and survey,LCR Immersive report lines 191-204/853-881,extracted_text/SRC-G2-014_v1_full.txt,LCRIMM-FAM,1.3-candidate,G2-BATCH-B,Network spillover from mapping and survey | LCR Immersive report lines 191-204/853-881,extracted_text/SRC-G2-014_v1_full.txt,LCRIMM-FAM,1.3-candidate,G2-BATCH-B
E-G2-040,Strategic options for Growth Platform,LCR Immersive report lines 2057-2064,extracted_text/SRC-G2-014_v1_full.txt,LCRIMM-FAM,1.3-candidate,G2-BATCH-B,Strategic options for Growth Platform | LCR Immersive report lines 2057-2064,extracted_text/SRC-G2-014_v1_full.txt,LCRIMM-FAM,1.3-candidate,G2-BATCH-B
E-G2-041,Baseline mapping from multiple data sources,SYMCA CCI 2021 line 54,extracted_text/SRC-G2-015_v1_full.txt,SYMCA21-FAM,1.3-candidate,G2-BATCH-B,Baseline mapping from multiple data sources | SYMCA CCI 2021 line 54,extracted_text/SRC-G2-015_v1_full.txt,SYMCA21-FAM,1.3-candidate,G2-BATCH-B
E-G2-042,Creative growth paradox finding,SYMCA CCI 2021 lines 190-195,extracted_text/SRC-G2-015_v1_full.txt,SYMCA21-FAM,1.3-candidate,G2-BATCH-B,Creative growth paradox finding | SYMCA CCI 2021 lines 190-195,extracted_text/SRC-G2-015_v1_full.txt,SYMCA21-FAM,1.3-candidate,G2-BATCH-B
E-G2-043,Free-riding on Screen Yorkshire,SYMCA CCI 2021 lines 292-293,extracted_text/SRC-G2-015_v1_full.txt,SYMCA21-FAM,1.3-candidate,G2-BATCH-B,Free-riding on Screen Yorkshire | SYMCA CCI 2021 lines 292-293,extracted_text/SRC-G2-015_v1_full.txt,SYMCA21-FAM,1.3-candidate,G2-BATCH-B
E-G2-044,Stakeholder interviews and desk research,MMU CCI report lines 129/134-135/203/214,extracted_text/SRC-G2-016_v1_full.txt,MMUCCI-FAM,1.3-candidate,G2-BATCH-B,Stakeholder interviews and desk research | MMU CCI report lines 129/134-135/203/214,extracted_text/SRC-G2-016_v1_full.txt,MMUCCI-FAM,1.3-candidate,G2-BATCH-B
E-G2-045,Network gap findings from interviews,MMU CCI report lines 102-106/229-240,extracted_text/SRC-G2-016_v1_full.txt,MMUCCI-FAM,1.3-candidate,G2-BATCH-B,Network gap findings from interviews | MMU CCI report lines 102-106/229-240,extracted_text/SRC-G2-016_v1_full.txt,MMUCCI-FAM,1.3-candidate,G2-BATCH-B
E-G2-046,Leverage ratio from LFO financial data,LCR Film Fund evaluation lines 60/66,extracted_text/SRC-G2-017_v1_full.txt,LCRFILM-FAM,1.3-candidate,G2-BATCH-B,Leverage ratio from LFO financial data | LCR Film Fund evaluation lines 60/66,extracted_text/SRC-G2-017_v1_full.txt,LCRFILM-FAM,1.3-candidate,G2-BATCH-B
E-G2-047,Indirect FTE jobs from monitoring data,LCR Film Fund evaluation Table 1 lines 234-241,extracted_text/SRC-G2-017_v1_full.txt,LCRFILM-FAM,1.3-candidate,G2-BATCH-B,Indirect FTE jobs from monitoring data | LCR Film Fund evaluation Table 1 lines 234-241,extracted_text/SRC-G2-017_v1_full.txt,LCRFILM-FAM,1.3-candidate,G2-BATCH-B
E-G2-048,Development Fund outputs from monitoring,LCR Film Fund evaluation lines 258-261,extracted_text/SRC-G2-017_v1_full.txt,LCRFILM-FAM,1.3-candidate,G2-BATCH-B,Development Fund outputs from monitoring | LCR Film Fund evaluation lines 258-261,extracted_text/SRC-G2-017_v1_full.txt,LCRFILM-FAM,1.3-candidate,G2-BATCH-B
E-G2-049,LFO partnership evolution,LCR Film Fund evaluation lines 61/76,extracted_text/SRC-G2-017_v1_full.txt,LCRFILM-FAM,1.3-candidate,G2-BATCH-B,LFO partnership evolution | LCR Film Fund evaluation lines 61/76,extracted_text/SRC-G2-017_v1_full.txt,LCRFILM-FAM,1.3-candidate,G2-BATCH-B
E-G2-050,Development Fund seed capital option,LCR Film Fund evaluation lines 138-140,extracted_text/SRC-G2-017_v1_full.txt,LCRFILM-FAM,1.3-candidate,G2-BATCH-B,Development Fund seed capital option | LCR Film Fund evaluation lines 138-140,extracted_text/SRC-G2-017_v1_full.txt,LCRFILM-FAM,1.3-candidate,G2-BATCH-B
E-G2-051,Feasibility study design,Derby feasibility study lines 73/89-93/97-124,extracted_text/SRC-G2-018_v1_full.txt,DERBY-FAM,1.3-candidate,G2-BATCH-B,Feasibility study design | Derby feasibility study lines 73/89-93/97-124,extracted_text/SRC-G2-018_v1_full.txt,DERBY-FAM,1.3-candidate,G2-BATCH-B
E-G2-052,GVA estimate from DCMS and ONS data,SYMCA CGP final lines 56/149-156,extracted_text/SRC-G2-019_v1_full.txt,SYMCACGP-FAM,1.3-candidate,G2-BATCH-B,GVA estimate from DCMS and ONS data | SYMCA CGP final lines 56/149-156,extracted_text/SRC-G2-019_v1_full.txt,SYMCACGP-FAM,1.3-candidate,G2-BATCH-B
E-G2-053,Multiplier from DCMS modelling,SYMCA CGP final line 148,extracted_text/SRC-G2-019_v1_full.txt,SYMCACGP-FAM,1.3-candidate,G2-BATCH-B,Multiplier from DCMS modelling | SYMCA CGP final line 148,extracted_text/SRC-G2-019_v1_full.txt,SYMCACGP-FAM,1.3-candidate,G2-BATCH-B
E-G2-054,Skills mapping from course audit,SYMCA CGP final lines 224/259/263,extracted_text/SRC-G2-019_v1_full.txt,SYMCACGP-FAM,1.3-candidate,G2-BATCH-B,Skills mapping from course audit | SYMCA CGP final lines 224/259/263,extracted_text/SRC-G2-019_v1_full.txt,SYMCACGP-FAM,1.3-candidate,G2-BATCH-B
E-G2-055,Policy windows from consultation,SYMCA CGP final lines 59-62,extracted_text/SRC-G2-019_v1_full.txt,SYMCACGP-FAM,1.3-candidate,G2-BATCH-B,Policy windows from consultation | SYMCA CGP final lines 59-62,extracted_text/SRC-G2-019_v1_full.txt,SYMCACGP-FAM,1.3-candidate,G2-BATCH-B
E-G2-056,Baseline from IDBR and Beauhurst,Lancashire CGP lines 144/149/166,extracted_text/SRC-G2-020_v1_full.txt,LANCGP-FAM,1.3-candidate,G2-BATCH-B,Baseline from IDBR and Beauhurst | Lancashire CGP lines 144/149/166,extracted_text/SRC-G2-020_v1_full.txt,LANCGP-FAM,1.3-candidate,G2-BATCH-B
E-G2-057,Product spillover from bid design,Lancashire CGP lines 455-458,extracted_text/SRC-G2-020_v1_full.txt,LANCGP-FAM,1.3-candidate,G2-BATCH-B,Product spillover from bid design | Lancashire CGP lines 455-458,extracted_text/SRC-G2-020_v1_full.txt,LANCGP-FAM,1.3-candidate,G2-BATCH-B
E-G2-058,Baseline from BRES LinkedIn and Beauhurst,WSBH strategy lines 91/166/186/214,extracted_text/SRC-G2-021_v1_full.txt,WSBH-FAM,1.3-candidate,G2-BATCH-B,Baseline from BRES LinkedIn and Beauhurst | WSBH strategy lines 91/166/186/214,extracted_text/SRC-G2-021_v1_full.txt,WSBH-FAM,1.3-candidate,G2-BATCH-B
E-G2-059,Product spillover from Createch adoption,WSBH strategy lines 339-340,extracted_text/SRC-G2-021_v1_full.txt,WSBH-FAM,1.3-candidate,G2-BATCH-B,Product spillover from Createch adoption | WSBH strategy lines 339-340,extracted_text/SRC-G2-021_v1_full.txt,WSBH-FAM,1.3-candidate,G2-BATCH-B
E-G2-060,Anchor firm network effects,WSBH strategy line 261,extracted_text/SRC-G2-021_v1_full.txt,WSBH-FAM,1.3-candidate,G2-BATCH-B,Anchor firm network effects | WSBH strategy line 261,extracted_text/SRC-G2-021_v1_full.txt,WSBH-FAM,1.3-candidate,G2-BATCH-B
E-G2-061,Financial data from Council records,Wakefield CDF evaluation lines 77/324/379,extracted_text/SRC-G2-022_v1_full.txt,WAKECDF-FAM,1.3-candidate,G2-BATCH-B,Financial data from Council records | Wakefield CDF evaluation lines 77/324/379,extracted_text/SRC-G2-022_v1_full.txt,WAKECDF-FAM,1.3-candidate,G2-BATCH-B
E-G2-062,Employment and GVA from ONS BRES and DCMS,Wakefield CDF evaluation lines 343-356,extracted_text/SRC-G2-022_v1_full.txt,WAKECDF-FAM,1.3-candidate,G2-BATCH-B,Employment and GVA from ONS BRES and DCMS | Wakefield CDF evaluation lines 343-356,extracted_text/SRC-G2-022_v1_full.txt,WAKECDF-FAM,1.3-candidate,G2-BATCH-B
E-G2-063,Network growth from membership data,Wakefield CDF evaluation lines 299/451/548/566,extracted_text/SRC-G2-022_v1_full.txt,WAKECDF-FAM,1.3-candidate,G2-BATCH-B,Network growth from membership data | Wakefield CDF evaluation lines 299/451/548/566,extracted_text/SRC-G2-022_v1_full.txt,WAKECDF-FAM,1.3-candidate,G2-BATCH-B
E-G2-064,Product spillover from XPLOR monitoring,Wakefield CDF evaluation Table 13 lines 756-759,extracted_text/SRC-G2-022_v1_full.txt,WAKECDF-FAM,1.3-candidate,G2-BATCH-B,Product spillover from XPLOR monitoring | Wakefield CDF evaluation Table 13 lines 756-759,extracted_text/SRC-G2-022_v1_full.txt,WAKECDF-FAM,1.3-candidate,G2-BATCH-B
E-G2-065,Network spillover from testimony,Wakefield CDF evaluation lines 84/89/151/231-240,extracted_text/SRC-G2-022_v1_full.txt,WAKECDF-FAM,1.3-candidate,G2-BATCH-B,Network spillover from testimony | Wakefield CDF evaluation lines 84/89/151/231-240,extracted_text/SRC-G2-022_v1_full.txt,WAKECDF-FAM,1.3-candidate,G2-BATCH-B
E-G2-066,Knowledge spillover from programme data,Wakefield CDF evaluation line 270,extracted_text/SRC-G2-022_v1_full.txt,WAKECDF-FAM,1.3-candidate,G2-BATCH-B,Knowledge spillover from programme data | Wakefield CDF evaluation line 270,extracted_text/SRC-G2-022_v1_full.txt,WAKECDF-FAM,1.3-candidate,G2-BATCH-B
E-G2-067,Source inconsistency documented,Wakefield CDF evaluation lines 96/339/563/773,extracted_text/SRC-G2-022_v1_full.txt,WAKECDF-FAM,1.3-candidate,G2-BATCH-B,Source inconsistency documented | Wakefield CDF evaluation lines 96/339/563/773,extracted_text/SRC-G2-022_v1_full.txt,WAKECDF-FAM,1.3-candidate,G2-BATCH-B
E-G2-068,Baseline from multiple data sources,Calderdale report lines 78/86/107/126,extracted_text/SRC-G2-023_v1_full.txt,CALDER-FAM,1.3-candidate,G2-BATCH-B,Baseline from multiple data sources | Calderdale report lines 78/86/107/126,extracted_text/SRC-G2-023_v1_full.txt,CALDER-FAM,1.3-candidate,G2-BATCH-B
E-G2-069,Cross-sector skills demand hypothesis,Calderdale report line 190,extracted_text/SRC-G2-023_v1_full.txt,CALDER-FAM,1.3-candidate,G2-BATCH-B,Cross-sector skills demand hypothesis | Calderdale report line 190,extracted_text/SRC-G2-023_v1_full.txt,CALDER-FAM,1.3-candidate,G2-BATCH-B
E-G2-070,Network spillover from documented network,Calderdale report lines 237-266,extracted_text/SRC-G2-023_v1_full.txt,CALDER-FAM,1.3-candidate,G2-BATCH-B,Network spillover from documented network | Calderdale report lines 237-266,extracted_text/SRC-G2-023_v1_full.txt,CALDER-FAM,1.3-candidate,G2-BATCH-B
E-G2-071,Baseline from Beauhurst and Lightcast,Solent CGP draft lines 111/156,extracted_text/SRC-G2-024_v1_full.txt,SOLENTCGP-FAM,1.3-candidate,G2-BATCH-B,Baseline from Beauhurst and Lightcast | Solent CGP draft lines 111/156,extracted_text/SRC-G2-024_v1_full.txt,SOLENTCGP-FAM,1.3-candidate,G2-BATCH-B
E-G2-072,Product spillover from bid design,Solent CGP draft line 318,extracted_text/SRC-G2-024_v1_full.txt,SOLENTCGP-FAM,1.3-candidate,G2-BATCH-B,Product spillover from bid design | Solent CGP draft line 318,extracted_text/SRC-G2-024_v1_full.txt,SOLENTCGP-FAM,1.3-candidate,G2-BATCH-B
E-G2-073,Baseline from ONS/DCMS and LinkedIn,Herefordshire review lines 105-107,extracted_text/SRC-G2-025_v1_full.txt,HEREFORD-FAM,1.3-candidate,G2-BATCH-B,Baseline from ONS/DCMS and LinkedIn | Herefordshire review lines 105-107,extracted_text/SRC-G2-025_v1_full.txt,HEREFORD-FAM,1.3-candidate,G2-BATCH-B
E-G2-074,Rural creative economy option,Herefordshire review line 155,extracted_text/SRC-G2-025_v1_full.txt,HEREFORD-FAM,1.3-candidate,G2-BATCH-B,Rural creative economy option | Herefordshire review line 155,extracted_text/SRC-G2-025_v1_full.txt,HEREFORD-FAM,1.3-candidate,G2-BATCH-B
E-G2-075,Data fragment from table,Production Park GVA data lines 13-25,extracted_text/SRC-G2-026_v1_full.txt,PRODPARK-FAM,1.3-candidate,G2-BATCH-B,Data fragment from table | Production Park GVA data lines 13-25,extracted_text/SRC-G2-026_v1_full.txt,PRODPARK-FAM,1.3-candidate,G2-BATCH-B
E-G2-076,Baseline from mapping evidence,Surrey+ strategy lines 5/14-17,extracted_text/SRC-G2-027_v1_full.txt,SURREY-FAM,1.3-candidate,G2-BATCH-B,Baseline from mapping evidence | Surrey+ strategy lines 5/14-17,extracted_text/SRC-G2-027_v1_full.txt,SURREY-FAM,1.3-candidate,G2-BATCH-B
E-G2-077,Product spillover from documented examples,Surrey+ strategy lines 46-47,extracted_text/SRC-G2-027_v1_full.txt,SURREY-FAM,1.3-candidate,G2-BATCH-B,Product spillover from documented examples | Surrey+ strategy lines 46-47,extracted_text/SRC-G2-027_v1_full.txt,SURREY-FAM,1.3-candidate,G2-BATCH-B
E-G2-078,Investment forecast from modelling,Surrey+ strategy lines 149-153,extracted_text/SRC-G2-027_v1_full.txt,SURREY-FAM,1.3-candidate,G2-BATCH-B,Investment forecast from modelling | Surrey+ strategy lines 149-153,extracted_text/SRC-G2-027_v1_full.txt,SURREY-FAM,1.3-candidate,G2-BATCH-B
E-G2-079,GVA from four-tier workforce model,LCR Music report lines 266/282/289/801,extracted_text/SRC-G2-028_v1_full.txt,LCRMUS-FAM,1.3-candidate,G2-BATCH-B,GVA from four-tier workforce model | LCR Music report lines 266/282/289/801,extracted_text/SRC-G2-028_v1_full.txt,LCRMUS-FAM,1.3-candidate,G2-BATCH-B
E-G2-080,Product spillover from Adlib cross-sector services,LCR Music report line 88,extracted_text/SRC-G2-028_v1_full.txt,LCRMUS-FAM,1.3-candidate,G2-BATCH-B,Product spillover from Adlib cross-sector services | LCR Music report line 88,extracted_text/SRC-G2-028_v1_full.txt,LCRMUS-FAM,1.3-candidate,G2-BATCH-B
E-G2-081,SNA results from LinkedIn workforce movement,LCR Music report lines 311-334,extracted_text/SRC-G2-028_v1_full.txt,LCRMUS-FAM,1.3-candidate,G2-BATCH-B,SNA results from LinkedIn workforce movement | LCR Music report lines 311-334,extracted_text/SRC-G2-028_v1_full.txt,LCRMUS-FAM,1.3-candidate,G2-BATCH-B
E-G2-082,Growth scenarios and levers from modelling,LCR Music report lines 104/338/846-868,extracted_text/SRC-G2-028_v1_full.txt,LCRMUS-FAM,1.3-candidate,G2-BATCH-B,Growth scenarios and levers from modelling | LCR Music report lines 104/338/846-868,extracted_text/SRC-G2-028_v1_full.txt,LCRMUS-FAM,1.3-candidate,G2-BATCH-B
E-G2-083,IP capture option from modelling,LCR Music report line 360,extracted_text/SRC-G2-028_v1_full.txt,LCRMUS-FAM,1.3-candidate,G2-BATCH-B,IP capture option from modelling | LCR Music report line 360,extracted_text/SRC-G2-028_v1_full.txt,LCRMUS-FAM,1.3-candidate,G2-BATCH-B
E-G2-084,Reconciled GVA from multiple sources,Solent Hampshire mapping lines 15/23/90/367,extracted_text/SRC-G2-029_v1_full.txt,SOLENTHANTS-FAM,1.3-candidate,G2-BATCH-B,Reconciled GVA from multiple sources | Solent Hampshire mapping lines 15/23/90/367,extracted_text/SRC-G2-029_v1_full.txt,SOLENTHANTS-FAM,1.3-candidate,G2-BATCH-B
E-G2-085,Knowledge spillover interpretation from LinkedIn,Solent Hampshire mapping line 98,extracted_text/SRC-G2-029_v1_full.txt,SOLENTHANTS-FAM,1.3-candidate,G2-BATCH-B,Knowledge spillover interpretation from LinkedIn | Solent Hampshire mapping line 98,extracted_text/SRC-G2-029_v1_full.txt,SOLENTHANTS-FAM,1.3-candidate,G2-BATCH-B
E-G2-086,Network spillover from spatial mapping,Solent Hampshire mapping lines 26/115/117,extracted_text/SRC-G2-029_v1_full.txt,SOLENTHANTS-FAM,1.3-candidate,G2-BATCH-B,Network spillover from spatial mapping | Solent Hampshire mapping lines 26/115/117,extracted_text/SRC-G2-029_v1_full.txt,SOLENTHANTS-FAM,1.3-candidate,G2-BATCH-B
