measurement_id,old_probability_basis,old_codebook_version,old_review_batch,new_codebook_version,new_review_batch
MEAS-G2-001,1.3-candidate,G2-BATCH-B,,1.3-candidate,G2-BATCH-B
MEAS-G2-002,1.3-candidate,G2-BATCH-B,,1.3-candidate,G2-BATCH-B
MEAS-G2-003,1.3-candidate,G2-BATCH-B,,1.3-candidate,G2-BATCH-B
MEAS-G2-004,1.3-candidate,G2-BATCH-B,,1.3-candidate,G2-BATCH-B
MEAS-G2-005,1.3-candidate,G2-BATCH-B,,1.3-candidate,G2-BATCH-B
MEAS-G2-006,1.3-candidate,G2-BATCH-B,,1.3-candidate,G2-BATCH-B
MEAS-G2-007,1.3-candidate,G2-BATCH-B,,1.3-candidate,G2-BATCH-B
MEAS-G2-008,1.3-candidate,G2-BATCH-B,,1.3-candidate,G2-BATCH-B
MEAS-G2-009,1.3-candidate,G2-BATCH-B,,1.3-candidate,G2-BATCH-B
MEAS-G2-010,1.3-candidate,G2-BATCH-B,,1.3-candidate,G2-BATCH-B
MEAS-G2-011,1.3-candidate,G2-BATCH-B,,1.3-candidate,G2-BATCH-B
MEAS-G2-012,1.3-candidate,G2-BATCH-B,,1.3-candidate,G2-BATCH-B
MEAS-G2-013,1.3-candidate,G2-BATCH-B,,1.3-candidate,G2-BATCH-B
MEAS-G2-014,1.3-candidate,G2-BATCH-B,,1.3-candidate,G2-BATCH-B
MEAS-G2-015,1.3-candidate,G2-BATCH-B,,1.3-candidate,G2-BATCH-B
MEAS-G2-016,1.3-candidate,G2-BATCH-B,,1.3-candidate,G2-BATCH-B
MEAS-G2-017,1.3-candidate,G2-BATCH-B,,1.3-candidate,G2-BATCH-B
MEAS-G2-018,1.3-candidate,G2-BATCH-B,,1.3-candidate,G2-BATCH-B
MEAS-G2-019,1.3-candidate,G2-BATCH-B,,1.3-candidate,G2-BATCH-B
MEAS-G2-020,1.3-candidate,G2-BATCH-B,,1.3-candidate,G2-BATCH-B
MEAS-G2-021,1.3-candidate,G2-BATCH-B,,1.3-candidate,G2-BATCH-B
MEAS-G2-022,1.3-candidate,G2-BATCH-B,,1.3-candidate,G2-BATCH-B
MEAS-G2-023,1.3-candidate,G2-BATCH-B,,1.3-candidate,G2-BATCH-B
MEAS-G2-024,1.3-candidate,G2-BATCH-B,,1.3-candidate,G2-BATCH-B
MEAS-G2-025,1.3-candidate,G2-BATCH-B,,1.3-candidate,G2-BATCH-B
MEAS-G2-026,1.3-candidate,G2-BATCH-B,,1.3-candidate,G2-BATCH-B
MEAS-G2-027,1.3-candidate,G2-BATCH-B,,1.3-candidate,G2-BATCH-B
MEAS-G2-028,1.3-candidate,G2-BATCH-B,,1.3-candidate,G2-BATCH-B
MEAS-G2-029,1.3-candidate,G2-BATCH-B,,1.3-candidate,G2-BATCH-B
MEAS-G2-030,1.3-candidate,G2-BATCH-B,,1.3-candidate,G2-BATCH-B
MEAS-G2-031,1.3-candidate,G2-BATCH-B,,1.3-candidate,G2-BATCH-B
MEAS-G2-032,1.3-candidate,G2-BATCH-B,,1.3-candidate,G2-BATCH-B
MEAS-G2-033,1.3-candidate,G2-BATCH-B,,1.3-candidate,G2-BATCH-B
MEAS-G2-034,1.3-candidate,G2-BATCH-B,,1.3-candidate,G2-BATCH-B
MEAS-G2-035,1.3-candidate,G2-BATCH-B,,1.3-candidate,G2-BATCH-B
MEAS-G2-036,1.3-candidate,G2-BATCH-B,,1.3-candidate,G2-BATCH-B
MEAS-G2-037,1.3-candidate,G2-BATCH-B,,1.3-candidate,G2-BATCH-B
MEAS-G2-038,1.3-candidate,G2-BATCH-B,,1.3-candidate,G2-BATCH-B
MEAS-G2-039,1.3-candidate,G2-BATCH-B,,1.3-candidate,G2-BATCH-B
MEAS-G2-040,1.3-candidate,G2-BATCH-B,,1.3-candidate,G2-BATCH-B
MEAS-G2-041,1.3-candidate,G2-BATCH-B,,1.3-candidate,G2-BATCH-B
MEAS-G2-042,1.3-candidate,G2-BATCH-B,,1.3-candidate,G2-BATCH-B
MEAS-G2-043,1.3-candidate,G2-BATCH-B,,1.3-candidate,G2-BATCH-B
MEAS-G2-044,1.3-candidate,G2-BATCH-B,,1.3-candidate,G2-BATCH-B
MEAS-G2-045,1.3-candidate,G2-BATCH-B,,1.3-candidate,G2-BATCH-B
MEAS-G2-046,1.3-candidate,G2-BATCH-B,,1.3-candidate,G2-BATCH-B
MEAS-G2-047,1.3-candidate,G2-BATCH-B,,1.3-candidate,G2-BATCH-B
MEAS-G2-048,1.3-candidate,G2-BATCH-B,,1.3-candidate,G2-BATCH-B
MEAS-G2-049,1.3-candidate,G2-BATCH-B,,1.3-candidate,G2-BATCH-B
MEAS-G2-050,1.3-candidate,G2-BATCH-B,,1.3-candidate,G2-BATCH-B
MEAS-G2-051,1.3-candidate,G2-BATCH-B,,1.3-candidate,G2-BATCH-B
MEAS-G2-052,1.3-candidate,G2-BATCH-B,,1.3-candidate,G2-BATCH-B
MEAS-G2-053,1.3-candidate,G2-BATCH-B,,1.3-candidate,G2-BATCH-B
MEAS-G2-054,1.3-candidate,G2-BATCH-B,,1.3-candidate,G2-BATCH-B
MEAS-G2-055,1.3-candidate,G2-BATCH-B,,1.3-candidate,G2-BATCH-B
MEAS-G2-056,1.3-candidate,G2-BATCH-B,,1.3-candidate,G2-BATCH-B
MEAS-G2-057,1.3-candidate,G2-BATCH-B,,1.3-candidate,G2-BATCH-B
MEAS-G2-058,1.3-candidate,G2-BATCH-B,,1.3-candidate,G2-BATCH-B
MEAS-G2-059,1.3-candidate,G2-BATCH-B,,1.3-candidate,G2-BATCH-B
MEAS-G2-060,1.3-candidate,G2-BATCH-B,,1.3-candidate,G2-BATCH-B
MEAS-G2-061,1.3-candidate,G2-BATCH-B,,1.3-candidate,G2-BATCH-B
MEAS-G2-063,1.3-candidate,G2-BATCH-B,,1.3-candidate,G2-BATCH-B
MEAS-G2-064,1.3-candidate,G2-BATCH-B,,1.3-candidate,G2-BATCH-B
MEAS-G2-065,1.3-candidate,G2-BATCH-B,,1.3-candidate,G2-BATCH-B
MEAS-G2-066,1.3-candidate,G2-BATCH-B,,1.3-candidate,G2-BATCH-B
MEAS-G2-067,1.3-candidate,G2-BATCH-B,,1.3-candidate,G2-BATCH-B
MEAS-G2-068,1.3-candidate,G2-BATCH-B,,1.3-candidate,G2-BATCH-B
