method_id,claim_ids_before,claim_ids_after,links_added
M-R3-001,C-R3-001;C-R3-002,C-R3-001;C-R3-002;C-G2-325;C-G2-326;C-G2-327;C-G2-328;C-G2-329;C-G2-330;C-G2-331;C-G2-332;C-G2-333;C-G2-334;C-G2-351;C-G2-352;C-G2-353;C-G2-377;C-G2-380,15
M-R3-002,C-R3-003,C-R3-003;C-G2-342;C-G2-343;C-G2-344;C-G2-345;C-G2-346;C-G2-354;C-G2-358;C-G2-371;C-G2-374;C-G2-378;C-G2-380,11
M-R3-003,C-R3-004,C-R3-004;C-G2-361;C-G2-362;C-G2-363;C-G2-364;C-G2-365;C-G2-366;C-G2-367;C-G2-368;C-G2-369;C-G2-370;C-G2-372;C-G2-373;C-G2-380,13
M-R3-004,C-R3-005,C-R3-005;C-G2-381;C-G2-382,2
M-R3-005,C-R3-006;C-R3-007,C-R3-006;C-R3-007;C-G2-383;C-G2-384;C-G2-385;C-G2-386;C-G2-387;C-G2-388;C-G2-389;C-G2-390;C-G2-391;C-G2-392;C-G2-393;C-G2-394;C-G2-395;C-G2-396;C-G2-411,15
M-R3-006,C-R3-008,C-R3-008;C-G2-397;C-G2-398;C-G2-399;C-G2-400;C-G2-401;C-G2-402;C-G2-403;C-G2-404;C-G2-405;C-G2-406;C-G2-407;C-G2-408;C-G2-409;C-G2-410,14
M-R3-007,C-R3-009;C-R3-010,C-R3-009;C-R3-010;C-G2-412;C-G2-413;C-G2-414;C-G2-415;C-G2-416;C-G2-417;C-G2-418;C-G2-419;C-G2-420;C-G2-421;C-G2-424;C-G2-428,12
M-R3-008,C-R3-011;C-R3-012,C-R3-011;C-R3-012;C-G2-422;C-G2-423,2
M-R3-009,C-R3-013,C-R3-013;C-G2-425;C-G2-426;C-G2-427,3
M-R3-012,C-R3-018;C-R3-019,C-R3-018;C-R3-019;C-G2-429;C-G2-430;C-G2-431;C-G2-432;C-G2-433;C-G2-434;C-G2-435;C-G2-436;C-G2-437;C-G2-438,10
M-R3-013,C-R3-020;C-R3-021,C-R3-020;C-R3-021;C-G2-439;C-G2-440;C-G2-441;C-G2-442;C-G2-443;C-G2-444;C-G2-445;C-G2-446;C-G2-447;C-G2-448,10
M-R3-014,C-R3-022,C-R3-022;C-G2-449;C-G2-450;C-G2-451;C-G2-452,4
M-R3-017,C-R3-027;C-R3-028,C-R3-027;C-R3-028;C-G2-453;C-G2-454;C-G2-455;C-G2-456;C-G2-457;C-G2-458;C-G2-459;C-G2-460;C-G2-461,9
M-R3-018,C-R3-029;C-R3-030;C-R3-031,C-R3-029;C-R3-030;C-R3-031;C-G2-462;C-G2-463;C-G2-464;C-G2-465;C-G2-466;C-G2-467;C-G2-468;C-G2-469;C-G2-470;C-G2-471;C-G2-472;C-G2-473;C-G2-474;C-G2-475;C-G2-476;C-G2-477,16
M-R3-019,C-R3-032;C-R3-033,C-R3-032;C-R3-033;C-R3-031;C-G2-484;C-G2-485;C-G2-486;C-G2-487;C-G2-488;C-G2-489;C-G2-490;C-G2-491,9
M-R3-020,C-R3-034,C-R3-034;C-G2-478;C-G2-479;C-G2-480;C-G2-481;C-G2-482;C-G2-483,6
M-R3-021,C-R3-035,C-R3-035;C-G2-492;C-G2-493;C-G2-494;C-G2-495;C-G2-496;C-G2-497;C-G2-498;C-G2-499;C-G2-500;C-G2-501;C-G2-502;C-G2-503,12
