method_id,project_id,new_outputs,new_source_ids,new_notes,new_claim_ids,new_review_status,new_reviewer,new_review_date,new_codebook_version,new_review_batch
M-G2-010,P16-CICP,,SRC-G2-011,Iain contributed sector/workforce mapping and methodology design via BOP; approach only not implemented; marginal claim,C-G2-024,REVIEWED,Devin,26/09/11,1.3-candidate,G2-BATCH-B
M-G2-011,P17-LCRCSU,,SRC-G2-012,Iain Bennett lead consultant; bid evidence not outcome evaluation; BRES ONS Nomisweb analysis,C-G2-025;C-G2-026,REVIEWED,Devin,26/09/11,1.3-candidate,G2-BATCH-B
M-G2-012,P18-GRIMSBY,,SRC-G2-013,Fifth Sector contributed mapping data; Magna Vitae authored; participation baselines from national surveys; no economic output data,C-G2-027,REVIEWED,Devin,26/09/11,1.3-candidate,G2-BATCH-B
M-G2-013,P19-LCRIMM,,SRC-G2-014,Iain Bennett as BOP author; cross-sector case studies (Draw and Code Kinicho VEC/Bentley); market forecasts from secondary sources,C-G2-028;C-G2-029;C-G2-030;C-G2-031,REVIEWED,Devin,26/09/11,1.3-candidate,G2-BATCH-B
M-G2-014,P20-SYMCA21,,SRC-G2-015,Fifth Sector lead with Curator Technologies and Morra; BRES undercounts freelancers; GVA uses generic ONS productivity index; creative growth paradox finding,C-G2-032;C-G2-033;C-G2-034,REVIEWED,Devin,26/09/11,1.3-candidate,G2-BATCH-B
M-G2-015,P21-MMUCCI,,SRC-G2-016,Fifth Sector lead; interviews Mar-22/08; no turnover/GVA baselines; REF 2021 results; network gap findings,C-G2-035;C-G2-036,REVIEWED,Devin,26/09/11,1.3-candidate,G2-BATCH-B
M-G2-016,P22-LCRFILM,,SRC-G2-017,Iain Bennett for Liverpool Film Office; £6.76 leverage; 455 indirect FTE; recoupment projections are estimates; Development Fund seeded 7 pipeline projects,C-G2-037;C-G2-038;C-G2-039;C-G2-040;C-G2-041,REVIEWED,Devin,26/09/11,1.3-candidate,G2-BATCH-B
M-G2-017,P23-DERBY,,SRC-G2-018,Fifth Sector lead; survey n=17 explicitly not quantitative evidence base; no local baseline; Liverpool comparator; 2 FTE staged start-up design,C-G2-042,REVIEWED,Devin,26/09/11,1.3-candidate,G2-BATCH-B
M-G2-018,P24-SYMCACGP,,SRC-G2-019,Fifth Sector lead with Curator Technologies; extends P20-SYMCA21; GVA modelled using generic productivity index; creative growth paradox,C-G2-043;C-G2-044;C-G2-045;C-G2-046,REVIEWED,Devin,26/09/11,1.3-candidate,G2-BATCH-B
M-G2-019,P25-LANCGP,,SRC-G2-020,Fifth Sector cited as data source; grant application not outcome report; 4500 businesses 36000 jobs; Pennine Originals spillover into aerospace/automotive,C-G2-047;C-G2-048,REVIEWED,Devin,26/09/11,1.3-candidate,G2-BATCH-B
M-G2-020,P26-WSBH,,SRC-G2-021,Fifth Sector lead with Curator Technologies and Morra; FuseBox24; Creative Assembly and Red River as anchor investors; Digital Catapult Brighton,C-G2-049;C-G2-050;C-G2-051,REVIEWED,Devin,26/09/11,1.3-candidate,G2-BATCH-B
M-G2-021,P27-WAKECDF,,SRC-G2-022,Iain Bennett and Steve Hunt for Wakefield Council; £4.38m CDF £22.03m total; CCI employment +32%; GVA +79%; Creative Wakefield +458%; CoSTAR secured; INTERNAL INCONSISTENCY: 120 vs 160 FTE,C-G2-052;C-G2-053;C-G2-054;C-G2-055;C-G2-056;C-G2-057;C-G2-058,REVIEWED,Devin,26/09/11,1.3-candidate,G2-BATCH-B
M-G2-022,P28-CALDER,,SRC-G2-023,Fifth Sector prime; LinkedIn not directly comparable to BRES; small round-table sample n=28; Screen Yorkshire Connected Campus,C-G2-059;C-G2-060;C-G2-061,REVIEWED,Devin,26/09/11,1.3-candidate,G2-BATCH-B
M-G2-023,P29-SOLENTCGP,,SRC-G2-024,Fifth Sector appointed for market awareness research; DRAFT application; 4510 businesses 40000 jobs; Createch maritime/aerospace spillovers,C-G2-062;C-G2-063,REVIEWED,Devin,26/09/11,1.3-candidate,G2-BATCH-B
M-G2-024,P30-HEREFORD,,SRC-G2-025,Iain confirmed lead consultant; 590 official businesses 4000+ LinkedIn; 56% graduate leakage; rural creative economy; fragmented ecosystem,C-G2-064;C-G2-065,REVIEWED,Devin,26/09/11,1.3-candidate,G2-BATCH-B
M-G2-025,P31-PRODPARK,,SRC-G2-026,Data fragment only; BRES 2022 columns empty; incomplete; supplements P27-WAKECDF,C-G2-066,REVIEWED,Devin,26/09/11,1.3-candidate,G2-BATCH-B
M-G2-026,P32-SURREY,,SRC-G2-027,Iain confirmed lead consultant; aerospace-to-screen spillover (Farnborough); CoSTAR/Games Innovation Zone; investment returns are modelled forecasts,C-G2-067;C-G2-068;C-G2-069,REVIEWED,Devin,26/09/11,1.3-candidate,G2-BATCH-B
M-G2-027,P33-LCRMUS,,SRC-G2-028,Fifth Sector/Unscrambled with UoL IPM; four-tier workforce model is methodological innovation; SNA of 272 businesses; Tier 4 data quality low; LinkedIn coverage ~45%; concentration risk,C-G2-070;C-G2-071;C-G2-072;C-G2-073;C-G2-074,REVIEWED,Devin,26/09/11,1.3-candidate,G2-BATCH-B
M-G2-028,P34-SOLENTHANTS,,SRC-G2-029,Fifth Sector/Unscrambled; DCMS top-down £6.9bn almost certainly overestimate; LinkedIn over-represents advertising/design; 31% IT contraction; HDBSCAN caveat re accountants,C-G2-075;C-G2-076;C-G2-077,REVIEWED,Devin,26/09/11,1.3-candidate,G2-BATCH-B
