source_id,pattern,old_derived_location,new_derived_location,new_original_location
SRC-R2-01,A,Active projects/2025 NE Scotland/2025 NE Scotland reporting/,extracted_text/SRC-R2-01_v1_full.txt,Active projects/2025 NE Scotland/2025 NE Scotland reporting/260420_Pinning_stone
SRC-R2-02,A,Active projects/2025 NE Scotland/2025 NE Scotland reporting/,extracted_text/SRC-R2-02_v1_full.txt,Active projects/2025 NE Scotland/2025 NE Scotland reporting/260508 NES_Creative_
SRC-R2-03,A,Archive projects/2024 Projects/2024 Man Met From Good to Gre,extracted_text/SRC-R2-03_v1_full.txt,Archive projects/2024 Projects/2024 Man Met From Good to Great/2024 FGTG Phase 2
SRC-R2-04,A,Archive projects/2025 Projects/2025 MITIH Createch ecosystem,extracted_text/SRC-R2-04_v1_full.txt,Archive projects/2025 Projects/2025 MITIH Createch ecosystem/2025 MITIH Reportin
SRC-R2-05,A,Archive projects/2017 Projects/2017 GBSLEP creative economy ,extracted_text/SRC-R2-05_v1_full.txt,Archive projects/2017 Projects/2017 GBSLEP creative economy mapping/171212 GBSLE
SRC-R2-06,A,Archive projects/2020 Projects/2020 WMCA Creative Scaleup/20,extracted_text/SRC-R2-06_v1_full.txt,Archive projects/2020 Projects/2020 WMCA Creative Scaleup/200109 WMCA Creative B
SRC-R2-07,A,Archive projects/2022 Projects/2022 CoSTAR/CoSTAR bid materi,extracted_text/SRC-R2-07_v1_full.txt,Archive projects/2022 Projects/2022 CoSTAR/CoSTAR bid material/230125 CoSTAR Cas
SRC-R2-08,A,Archive projects/2020 Projects/2020 Creative City/Creative C,extracted_text/SRC-R2-08_v1_full.txt,Archive projects/2020 Projects/2020 Creative City/Creative City project inceptio
SRC-R2-09,A,Archive projects/2024 Projects/2024 Liverpool DCI/2024 LCR C,extracted_text/SRC-R2-09_v1_full.txt,Archive projects/2024 Projects/2024 Liverpool DCI/2024 LCR Cluster Mapping Propo
SRC-R2-09B,A,Archive projects/2024 Projects/2024 Liverpool DCI/LCR DCI re,extracted_text/SRC-R2-09B_v1_full.txt,Archive projects/2024 Projects/2024 Liverpool DCI/LCR DCI reporting/LiverpoolCit
SRC-R2-10,A,Archive projects/2012 Projects/2012 Creative Digital Economy,extracted_text/SRC-R2-10_v1_full.txt,Archive projects/2012 Projects/2012 Creative Digital Economy Catapult/CDEC chall
SRC-R2-11,A,Archive projects/2021 Projects/2021 Kirklees CI mapping/Repo,extracted_text/SRC-R2-11_v1_full.txt,Archive projects/2021 Projects/2021 Kirklees CI mapping/Reporting/240718 Kirklee
SRC-R3-01,A,Archive projects/2024 Projects/2024 Man Met From Good to Gre,extracted_text/SRC-R3-01_v1_full.txt,Archive projects/2024 Projects/2024 Man Met From Good to Great/2025 FGTG reporti
SRC-R3-02,A,Archive projects/2024 Projects/2024 Man Met From Good to Gre,extracted_text/SRC-R3-02_v1_full.txt,Archive projects/2024 Projects/2024 Man Met From Good to Great/2025 FGTG reporti
SRC-R3-03,A,Archive projects/2024 Projects/2024 Man Met From Good to Gre,extracted_text/SRC-R3-03_v1_full.txt,Archive projects/2024 Projects/2024 Man Met From Good to Great/2025 FGTG reporti
SRC-G2-001,A,Archive projects/2015 Projects/2015 Kirklees/150416 Kirklees,extracted_text/SRC-G2-001_v1_full.txt,Archive projects/2015 Projects/2015 Kirklees/150416 Kirklees Results.xlsx
SRC-G2-002,A,Archive projects/2017 Projects/2017 East London Fashion Clus,extracted_text/SRC-G2-002_v1_full.txt,Archive projects/2017 Projects/2017 East London Fashion Cluster/170302_ELFC_Repo
SRC-G2-003,A,Archive projects/2017 Projects/2017 East London Fashion Clus,extracted_text/SRC-G2-003_v1_full.txt,Archive projects/2017 Projects/2017 East London Fashion Cluster/170314_ELFC_Summ
SRC-G2-004,A,Archive projects/2017 Projects/2017 East London Fashion Clus,extracted_text/SRC-G2-004_v1_full.txt,Archive projects/2017 Projects/2017 East London Fashion Cluster/161005 East Lond
SRC-G2-005,A,Archive projects/2017 Projects/2017 East London Fashion Clus,extracted_text/SRC-G2-005_v1_full.txt,Archive projects/2017 Projects/2017 East London Fashion Cluster/170314 ELFC Acti
SRC-G2-006,A,Archive projects/2016 Projects/2016 Creativeworks London/160,extracted_text/SRC-G2-006_v1_full.txt,Archive projects/2016 Projects/2016 Creativeworks London/160601_CWL_Final.docx
SRC-G2-007,A,Archive projects/2018 Projects/2018 Digital Catapult immersi,extracted_text/SRC-G2-007_v1_full.txt,Archive projects/2018 Projects/2018 Digital Catapult immersive/180318_Digital_Ca
SRC-G2-008,A,Archive projects/2018 Projects/2018 Digital Catapult immersi,extracted_text/SRC-G2-008_v1_full.txt,Archive projects/2018 Projects/2018 Digital Catapult immersive/BEI-WP7_Technical
SRC-G2-009,A,Archive projects/2017 Projects/2017 Liverpool City of Music/,extracted_text/SRC-G2-009_v1_full.txt,Archive projects/2017 Projects/2017 Liverpool City of Music/180109 Liverpool Cit
SRC-G2-010,A,Archive projects/2017 Projects/2017 Liverpool City of Music/,extracted_text/SRC-G2-010_v1_full.txt,Archive projects/2017 Projects/2017 Liverpool City of Music/Liverpool City of Mu
SRC-G2-011,B,Evaluation approach document; not outcome report,extracted_text/SRC-G2-011_v1_full.txt,Archive projects/Google project folders/2020/UKRI AHRC - Creative Industries Clu
SRC-G2-012,B,Bid evidence base; Iain Bennett lead consultant,extracted_text/SRC-G2-012_v1_full.txt,Archive projects/2020 Projects/2020 Leeds City Region Creative Scale Up/200730 L
SRC-G2-013,B,Magna Vitae report; Fifth Sector data contributor,extracted_text/SRC-G2-013_v1_full.txt,Archive projects/2020 Projects/2020 Grimsby CCI/NELC Phase 1 Report FINAL.pdf
SRC-G2-014,B,Final report; Iain Bennett as BOP author,extracted_text/SRC-G2-014_v1_full.txt,Archive projects/2019 Projects/2019 LCR Growth Company Immersive tech/Reporting/
SRC-G2-015,B,Fifth Sector lead consultant,extracted_text/SRC-G2-015_v1_full.txt,Archive projects/2021 Projects/2021 SYMCA CCI research/200608 SYMCA Cultural and
SRC-G2-016,B,Fifth Sector lead consultant,extracted_text/SRC-G2-016_v1_full.txt,Archive projects/2021 Projects/2021 MMU CCI/Reporting/221014 Man Met CCI report 
SRC-G2-017,B,Interim evaluation; Fifth Sector prime,extracted_text/SRC-G2-017_v1_full.txt,Archive projects/2020 Projects/2020 Liverpool Film Fund evaluation/Reporting/210
SRC-G2-018,B,Feasibility study; Fifth Sector prime,extracted_text/SRC-G2-018_v1_full.txt,Archive projects/2022 Projects/2022 Derby Screen Agency/220809 Derby(s) Film Off
SRC-G2-019,B,Fifth Sector lead consultant,extracted_text/SRC-G2-019_v1_full.txt,Archive projects/2022 Projects/2022 SYMCA Create Growth/2022 SYMCA CGP Reporting
SRC-G2-020,B,Grant application; Fifth Sector data contributor,extracted_text/SRC-G2-020_v1_full.txt,Archive projects/2022 Projects/2022 Lancashire Create Growth/Lancashire Create G
SRC-G2-021,B,Fifth Sector lead consultant,extracted_text/SRC-G2-021_v1_full.txt,Archive projects/2022 Projects/2022 West Sussex Brighton Hove Lewes/2022 West Su
SRC-G2-023,B,Fifth Sector prime,extracted_text/SRC-G2-023_v1_full.txt,Archive projects/2023 Projects/2023 Calderdale/2023 Calderdale reporting/231219 
SRC-G2-024,B,Draft application; Fifth Sector data contributor,extracted_text/SRC-G2-024_v1_full.txt,Archive projects/2023 Projects/2023 Solent CGP/2023 Solent CGP Proposal/CGP Expa
SRC-G2-025,B,Fifth Sector lead consultant confirmed by Iain,extracted_text/SRC-G2-025_v1_full.txt,Archive projects/2024 Projects/2024 Herefordshire/2024 Herefordshire reporting/2
SRC-G2-026,B,Data fragment; incomplete; supplements Wakefield CDF,extracted_text/SRC-G2-026_v1_full.txt,Archive projects/2024 Projects/2024 Production Park GVA/240719 Production Park G
SRC-G2-027,B,Fifth Sector lead consultant confirmed by Iain,extracted_text/SRC-G2-027_v1_full.txt,Archive projects/2024 Projects/2024 Surrey+ Corridor/2025 Surrey+ Reporting/2508
SRC-G2-028,B,Fifth Sector prime with Unscrambled and UoL IPM,extracted_text/SRC-G2-028_v1_full.txt,Archive projects/2025 Projects/2025 Liverpool Music/2025 Liverpool Music reporti
SRC-G2-029,B,Fifth Sector prime with Unscrambled,extracted_text/SRC-G2-029_v1_full.txt,Archive projects/2025 Projects/2025 Solent and Hampshire CI/2025 Solent and Hant
SRC-R5-016,A,Active projects/2026 Beatles/Beatles interviews/2016 Beatles,extracted_text/SRC-R5-016_v1_partial.txt,Active projects/2026 Beatles/Beatles interviews/2016 Beatles Legacy report.pdf
SRC-R5-017,A,Active projects/2026 Beatles/260914 Evidence Review - Full P,extracted_text/SRC-R5-017_v1_full.txt,Active projects/2026 Beatles/260914 Evidence Review - Full Picture and Caveats.m
SRC-G2-022,B+stray duplicates cleared,extracted_text/SRC-G2-022_v1_full.txt (duplicate in rationale and locator),extracted_text/SRC-G2-022_v1_full.txt,Archive projects/2025 Projects/2022 Wakefield CDF - Local Programme Evaluation/2
SRC-R5-016,sweep-written row: notes and review fields re-aligned,,extracted_text/SRC-R5-016_v1_partial.txt,Active projects/2026 Beatles/Beatles interviews/2016 Beatles Legacy report.pdf
SRC-R5-017,sweep-written row: notes and review fields re-aligned,,extracted_text/SRC-R5-017_v1_full.txt,Active projects/2026 Beatles/260914 Evidence Review - Full Picture and Caveats.m
SRC-R5-018,sweep-written row: notes and review fields re-aligned,,,Active projects/2026 WB6 Creative Pulse/260915 Western_Balkans_Creative_Economy_
